Time(s),Mean RR Interval (s),LF Power,HF Power,LF_div_HF,alphas,SampEn
62.07,0.9582161181886548,6.201064058006331e-09,1.6329249315507912e-10,37.975193704202745,2.0235916793973896,-1.704287390198158e-06
65.07,1.0084750415247996,3.3490478211143053e-09,1.2853663127673987e-10,26.05520144606709,2.1008893265583946,0.0015464978115691
68.07,1.0895236250436249,8.819811768304907e-09,2.5818815254067403e-10,34.160404656505165,2.1027521640086606,0.0061590179218477
71.07,0.9851643683751922,7.150895343445662e-09,1.7260508667119002e-10,41.42922715289385,2.103200681094199,0.0033388616843242
74.07,0.9408312805179052,1.3266556201823926e-08,1.9581609655942108e-10,67.750079972604,2.102601391287213,0.0086715347710259
77.07,0.9019873954113504,9.017838231892966e-09,2.580293556157757e-10,34.94888482890751,2.093087233511329,0.0024484876829241
80.07,0.7695969237336738,3.0846921572955062e-09,1.1239037581011456e-10,27.44623047179009,2.115907169357751,0.0025263971129685
83.07,0.6809196456595407,6.350593196343349e-09,1.2371262405669059e-10,51.33342894281529,2.109383961101258,0.0042794001608705
86.07,0.7038224972052768,4.039180856621714e-09,1.396503783699014e-10,28.923522469254348,2.1006602458854764,0.0023936638543233
89.07,0.7652385624175483,2.707829243487163e-09,9.746252798692776e-11,27.78328552949451,2.1039689146408462,0.0039416069877631
92.07,0.8102541831107425,8.145719987540844e-09,1.3770027654992855e-10,59.15543666019652,2.110067007265087,0.0037413852764441
95.07,0.9670246343627268,7.491503688917142e-09,1.9398109135411796e-10,38.61976255840932,2.11437470558926,0.0031793246636405
98.07,1.1626392065096018,8.097713837174563e-09,3.0812968373859386e-10,26.28021337939116,2.108233992091112,0.0023799544383048
101.07,1.2213140420732234,1.1434825151370153e-08,2.812587698761878e-10,40.65588837071231,2.099010698976067,0.0040725921233208
104.07,1.194592702864908,5.405018317268955e-09,2.454557240631046e-10,22.02033926036848,2.1018743012188312,0.0051490289618039
107.07,1.2423483719187594,1.4539589515562071e-08,3.1231078195591017e-10,46.55487532164248,2.1112258778568838,0.0062075754266976
110.07,1.1744914065755558,5.3376419433250234e-09,1.5977390980592187e-10,33.407469028007654,2.108168011497144,0.0039901241054469
113.07,1.085991538023272,8.826072385024799e-09,1.8117700546105908e-10,48.71519077470244,2.108468583796081,0.0028301382604601
116.07,1.0319052230493042,8.614513526244686e-09,2.6063842578233704e-10,33.051586696732095,2.094656473837971,0.0021049518449545
119.07,0.9900054936487628,4.741101453232669e-09,1.4879691420378386e-10,31.86290171810636,2.0906456137785026,0.0021071077073036
122.07,0.944181993155992,6.800164016759121e-09,1.8120166672089959e-10,37.528153795810525,2.086501350561916,-1.704287390198158e-06
125.07,0.9297693415974236,5.0685234457065505e-09,1.0975373379199121e-10,46.18087486037219,2.1141776205069265,0.0050065473244948
128.07,0.92626410284239,6.633525514986127e-09,1.9345098620520888e-10,34.29047142695576,2.112416262908839,0.0028389559585793
131.07,0.8872610091090954,1.4036325313117644e-08,2.0897358316078303e-10,67.1679410421851,2.0948842140021995,0.004179416910226
134.07,0.900257939821172,8.576324327546378e-09,1.7776929162679772e-10,48.24412725652975,2.03791655964856,0.0004362221609958
137.07,0.9015108440165188,8.719139172215347e-09,1.271009868205285e-10,68.60009029298182,2.0130720803382998,-1.704287390198158e-06
140.07,0.8883098142873024,8.271020056272536e-09,1.468148726991929e-10,56.33639088608497,2.1030758282742026,0.0007131254212188
143.07,0.8682189818359826,1.1753885553291517e-08,2.2017983907969575e-10,53.38311446870078,2.092701635948518,0.0027400075850671
146.07,0.9343176980546908,3.958368376375664e-09,2.2598855951062104e-10,17.515790998214793,2.094902917178642,3.0882041329938014e-05
149.07,0.9345834506768068,5.2662178428202855e-09,9.58425607428477e-11,54.946547775887545,2.054469411309287,0.0001072334022621
152.07,0.8655689498962326,1.6637155406705862e-08,2.368372947916914e-10,70.24719405505351,2.1112040149354034,0.0019316115296448
155.07,0.8016641507253871,6.4942532645782516e-09,1.7585796103462716e-10,36.9289694158316,2.098631527879959,0.0040294723441035
158.07,0.7480306931407675,8.705262410109246e-09,1.3545448694732182e-10,64.26706568601686,2.094774288622689,0.0039769963226424
161.07,0.7356991581773201,3.606530041394223e-09,1.15550420154184e-10,31.21174320769991,2.0947527018930305,0.0027256542262763
164.07,0.7195539835492623,2.4058045115283354e-09,5.18337558499828e-11,46.41385660902544,2.0992876323955856,0.0060841556152523
167.07,0.7577787660623571,7.086821480680265e-09,1.5165035581420703e-10,46.73132115405399,2.108298692028076,0.0022534701880794
170.07,0.8056786085408824,6.1903588809653745e-09,2.1631394001468608e-10,28.617475510570863,2.098027384852588,0.0057680167832101
173.07,0.8116320345535007,1.0086740402668564e-08,1.9871234374702877e-10,50.76051246977144,2.097568893599352,0.0037625833318502
176.07,0.8088603131636507,7.020274002340981e-09,1.4380485523335928e-10,48.81805966112085,2.090171204936416,0.0045245433615858
179.07,0.8266156517617169,8.114843399304781e-09,1.170457478153212e-10,69.33052717223576,2.10457333039596,0.006288009177986
182.07,0.8106424250610892,5.439991949241097e-09,1.459189216534549e-10,37.28092208740836,2.100823329971294,0.0026264036513157
185.07,0.8015285126619022,8.577541844286246e-09,1.3943455908272194e-10,61.51661324648698,2.103669185002764,0.0015516086251319
188.07,0.8645920457906788,7.855840885614007e-09,1.5950836634146928e-10,49.25033755782144,2.099648265079709,0.0032734217765002
191.07,0.8819089229186337,4.501683141891068e-09,8.879327136526558e-11,50.6984715471588,2.0760943145868924,-1.704287390198158e-06
194.07,0.8889996233492145,4.069465177676153e-09,1.6843283588197548e-10,24.16075913207158,2.0235323420014897,-1.704287390198158e-06
197.07,0.932578829661353,5.944602580801676e-09,1.7214639250322443e-10,34.532251848904295,2.1081446587520256,0.0022727095234387
200.07,0.9785530107892598,7.551165631769862e-09,1.693704775788338e-10,44.58371812912412,2.034362422785112,-4.562757063123876e-06
203.07,1.0131721030003895,6.706477945285566e-09,1.8433168425675354e-10,36.382665152368425,2.097678518560401,0.0043264678620012
206.07,1.1545554727911225,5.68192686190317e-09,2.130324289410976e-10,26.67165224630751,2.101569227197524,0.0004818416932259
209.07,1.1816586222686525,6.982377787415993e-09,2.6422921367851956e-10,26.425457239225864,2.068736343381772,-1.704287390198158e-06
212.07,1.1581587699962037,9.607257965367012e-09,2.642595365722586e-10,36.35538792652056,2.069622126580665,0.0005906744334394
215.07,1.1423821559113685,7.335715183138586e-09,1.7409721880158246e-10,42.13574021247896,2.097430334247776,0.0022245075995424
218.07,1.1229660506351673,1.26237655676764e-08,2.4087306121881486e-10,52.4083743686417,2.1071053847511974,0.0048142773537467
221.07,1.0045265887288355,2.7004311534367612e-09,7.302337295409601e-11,36.98036730149822,2.1091270735323384,0.000422299040828
224.07,0.9848491668179676,7.064301336425694e-09,1.5591847781405386e-10,45.3076597172176,2.06136943342122,8.65760251192004e-05
227.07,1.0467118997259943,5.321696645036032e-09,1.8628152046468078e-10,28.568033113327694,2.0901822237354786,0.0001592386215125
230.07,1.054562569380314,6.722997619917896e-09,1.8112599934306083e-10,37.11779448727422,2.101531094734228,0.0020643274633598
233.07,1.0470906157482915,7.233676101763967e-09,1.7744939461572336e-10,40.7647268531341,2.03483959962447,1.4782911830117123e-06
236.07,1.053225876160919,1.1815778676374744e-08,2.0166330739256987e-10,58.5916140578486,2.0849083550327063,0.0031599000727115
239.07,1.023549103320588,1.0877883086865405e-08,2.5001994783732333e-10,43.5080607805868,2.0894080132717563,0.0024050955774051
242.07,0.9825536840163344,3.7074699368760382e-09,1.2885572205690504e-10,28.772256890840683,2.1113376017572647,0.0048589001329971
245.07,1.057487056565494,4.085995450812358e-09,1.1158926858858351e-10,36.61638347928367,2.0984690181349634,0.0019700890639866
248.07,1.0371492782595888,5.5535062399412615e-09,2.8094702254775305e-10,19.767094128920053,2.1039387894711106,0.0047689339189891
251.07,0.9806734478991328,9.167362556434985e-09,2.042814354174932e-10,44.87614127881714,2.0947857598181017,0.0038530979436107
254.07,0.9885852625018656,8.069788516206471e-09,2.3139293592165504e-10,34.87482659772611,2.091953614808397,0.0018993175048174
257.07,0.9730961941534,6.544005326775995e-09,1.5145869711365415e-10,43.20653387019032,2.1080122336232687,0.0019460440153615
260.07,0.8881042449303198,5.284816625850126e-09,9.731601483049791e-11,54.30572383235236,2.1027786878403143,0.0032422630813374
263.07,0.9020767858766956,1.1425458174779042e-08,1.692745740708569e-10,67.49659975511997,2.10613774275243,0.0052600973440095
266.07,0.9660149653355822,1.0986636817838674e-08,1.629117288202979e-10,67.43920095500084,2.0735998458243423,0.0012933361496372
269.07,0.9808575862016644,9.060423319783011e-09,1.7907994539677528e-10,50.594293513483294,2.1056774944946577,0.0040583915808828
272.07,0.989939784882206,1.0129140239869354e-08,1.9674395953232182e-10,51.48386900389335,1.9838012004962693,-1.704287390198158e-06
275.07,1.0165187323421143,7.577943026943461e-09,1.7938845967688943e-10,42.24320249247184,2.08962257591702,0.0009797005900082
278.07,1.0422675567286606,8.338269527029789e-09,1.9348288775279408e-10,43.09564336089136,2.094723120844236,0.0008212148546429
281.07,1.0567777304556112,1.0335839274901333e-08,1.909162623852581e-10,54.13807679748201,2.0702732885257205,0.0006474211625301
284.07,1.0859761366031175,9.619231267865545e-09,1.9243668558446147e-10,49.98647341410176,2.087609263338294,0.0012694507426988
287.07,1.09749662198856,9.615596201784151e-09,1.7174667073128379e-10,55.98708936156782,2.011979912875288,-1.704287390198158e-06
290.07,1.1108074151569132,6.436666603554129e-09,2.0504141981462083e-10,31.39203098268417,2.0753163769875957,1.028834922444878e-05
293.07,1.0954153728201954,7.133579811250999e-09,1.907122734617545e-10,37.40493300071518,2.102833169162533,-1.704287390198158e-06
296.07,1.0817280920516223,6.507586478430406e-09,1.8218705249740774e-10,35.71925880146175,2.074967531496394,-1.704287390198158e-06
299.07,1.0852585094854692,7.925582258852451e-09,1.7304237999717436e-10,45.80139419592974,2.097890072053484,0.0001119177164175
302.07,1.06712208350032,4.787069584072601e-09,1.506106134818529e-10,31.784410629529745,2.0466621418523965,0.0013370794074788
305.07,1.040874169211388,7.507021587010451e-09,2.2113604956132048e-10,33.94752507292471,2.0995791133716635,0.0015837634077517
308.07,1.024865324537928,4.000014941906714e-09,1.7036375382076408e-10,23.479260418944754,2.054829616601816,6.406054528961521e-05
311.07,1.0159188385153015,5.9245934186215325e-09,1.630133297340489e-10,36.344226746900496,2.085984073091555,-1.704287390198158e-06
314.07,1.0297478257752832,7.911951869230032e-09,1.5112219338158822e-10,52.35466540147487,2.089772833082121,0.0001473328194557
317.07,1.0508586783783906,5.815243122013204e-09,1.8685631675071827e-10,31.121469282578325,2.0932342184653727,0.0023001909162093
320.07,1.059155235200074,1.3506516916859792e-08,2.08266529497303e-10,64.85207656487452,2.0975738779204742,0.0015278247281914
323.07,1.0698072492755573,2.53519558741559e-09,1.4600198055796788e-10,17.364117786121597,2.028817214411179,-1.90370923798378e-05
326.07,1.0832859998091386,8.681504945433516e-09,1.6736469175028878e-10,51.87178283927701,2.0864931791277304,-1.704287390198158e-06
329.07,1.07077644106267,1.3903340753741306e-08,1.7004012510077935e-10,81.76505836784744,2.042737490302835,-5.629850695094288e-06
332.07,1.0747998443751898,5.502578071185454e-09,2.1219271182768926e-10,25.931984297621927,2.091730292745629,0.0022454041931036
335.07,1.0633737785747492,8.979283889267433e-09,1.825225317985008e-10,49.19548178950468,2.110176194814584,0.0012781479935214
338.07,1.0522719271167358,5.516455845583827e-09,1.6191237743536675e-10,34.070624698139106,2.080940494298741,-1.704287390198158e-06
341.07,1.0158827976141405,5.179580689952162e-09,1.9788341460805932e-10,26.174910616997256,2.106726509365436,0.0010702622451971
344.07,0.992504279871938,5.450428418491353e-09,1.888590874244428e-10,28.859762550064826,2.0822666463174424,0.0003015707055551
347.07,0.9550621884282192,5.4458842270778855e-09,1.4475417315021312e-10,37.62160432795693,2.0853889555329914,-4.387006086152735e-05
350.07,0.9686243545652218,1.0080235621271838e-08,1.8356075178541555e-10,54.91498331329423,2.0903079231694623,0.0019164758149983
353.07,0.9567264717086004,4.284779124202643e-09,1.5079612252398248e-10,28.414385280504774,2.0976577598236967,0.0009965264295455
356.07,0.996163184619504,8.080600927693654e-09,2.5070198589128145e-10,32.23189835918515,2.087393602804761,0.0004419149938985
359.07,0.9926084781767436,9.093378448129644e-09,2.1697543923905938e-10,41.90971328377279,2.090588793436642,0.0023464424996968
362.07,1.0119700569014716,5.312252258370606e-09,1.6483850530750838e-10,32.22701060326003,2.08769372123322,7.206430421044392e-05
365.07,1.0394813848200255,7.256820350497206e-09,1.482148754242945e-10,48.96148466692779,2.09065326315113,0.0022971402743677
368.07,1.0629126194214529,4.092331145834762e-09,1.659437327062682e-10,24.66095633197832,2.0757904104174703,-1.704287390198158e-06
371.07,1.0610245657146624,1.1360734151947288e-08,1.6251118534320018e-10,69.9073982381893,2.081715606519748,-1.704287390198158e-06
374.07,1.0798223878366269,1.1659979143572017e-08,2.1647266910480108e-10,53.86351631266236,2.1011177825189438,0.0021024982871939
377.07,1.0997169931088846,9.357123844554013e-09,1.894613319690016e-10,49.38804001486152,2.103811562956697,-1.704287390198158e-06
380.07,1.0846342145980434,5.806120241195976e-09,1.7302454487667292e-10,33.556627733564724,2.104038683847209,0.0033730649621358
383.07,1.0809686219985144,1.1108724354941418e-08,2.2842220906984974e-10,48.63241801301578,2.0853734353816726,-1.704287390198158e-06
386.07,1.066972635536269,6.0936096036134735e-09,1.9420667803196446e-10,31.3769313463594,2.027742232545804,-1.704287390198158e-06
389.07,1.0614700612324153,1.3302273492242988e-08,1.5409304540669863e-10,86.32624176603314,1.9921484602500783,-1.704287390198158e-06
392.07,1.0461976866435156,6.937466448134553e-09,2.234327230309916e-10,31.04946470697705,2.097546252892829,0.0002530516901605
395.07,1.0219255599778931,7.1719242746822095e-09,1.6814056208834294e-10,42.65433745198257,2.0820480758069,0.0006898956650495
398.07,1.005288746550577,8.087724402485857e-09,2.0552083576383763e-10,39.352333170634815,1.997054492840857,0.0001053871776352
401.07,0.9719445626959388,4.523061452542886e-09,1.4486087769416688e-10,31.223485074362603,2.0612623649963746,-1.704287390198158e-06
404.07,0.971366978565272,9.342820354295168e-09,1.5128977836892554e-10,61.75447181575193,2.019217046478792,-1.704287390198158e-06
407.07,0.9830024355373936,5.9279537953705956e-09,1.8792034235715639e-10,31.545035098457227,2.014975215014133,-1.704287390198158e-06
410.07,0.9989074061013676,3.499812729384565e-09,1.1050084871729934e-10,31.672270122905,2.0541067015793395,-1.704287390198158e-06
413.07,1.0040367679373092,8.461064968108718e-09,2.379351037456117e-10,35.560389513414826,2.031510900899174,0.0001137913567882
416.07,1.0055907728647773,6.853514413551759e-09,2.2488576422055742e-10,30.4755369345218,2.099478528967524,0.0014451080715952
419.07,0.9660657402470418,6.364352600015569e-09,1.8105722850284888e-10,35.15105501526788,2.1032717325658967,0.0002740315075526
422.07,0.9535967653746912,5.949561675855152e-09,1.321909752301288e-10,45.00732115409294,2.065609528735567,-1.704287390198158e-06
425.07,0.9607566422586454,7.527328223381571e-09,1.550285580790963e-10,48.554461943334935,2.077189865687777,0.001521345654049
428.07,0.9845327427776664,3.6458123570154083e-09,2.0930889408705328e-10,17.41833462413253,2.031089724000087,0.000412635017055
431.07,1.02514918889894,9.573646299737526e-09,2.0163854910912616e-10,47.479246116556304,2.0974723783690425,0.0013723504805001
434.07,1.0719593616179732,1.1943519250439469e-08,2.2894023202836244e-10,52.16872169920679,2.079323193174556,0.000509474528121
437.07,1.0615651811609814,6.464397108588815e-09,1.7508326701686914e-10,36.92184421008077,2.1019898860444246,-1.704287390198158e-06
440.07,1.0561740534370074,5.0545821579033745e-09,1.6937174664730294e-10,29.84312471211008,2.064494675059367,-1.5921483720100622e-05
443.07,1.0169599454772642,5.358376916357981e-09,1.7054957349707348e-10,31.4182956103958,2.077617976534813,-7.154650309988132e-05
446.07,0.9755621696393711,6.1049686325776356e-09,1.7754407208796374e-10,34.38565174709379,2.068846959655718,-5.374065286024359e-06
449.07,0.976994197265586,7.840547827936391e-09,1.7304149712968303e-10,45.31021724841195,1.9965233371888136,-8.505952498362512e-06
452.07,1.0121477505330336,5.929395817804851e-09,1.454705984202681e-10,40.76009779429574,2.100370942288948,2.569617164959264e-05
455.07,1.0191597159494188,4.662553396753466e-09,1.8588598915424806e-10,25.08286621260348,2.0594913550816933,1.7822142054056509e-06
458.07,1.0528147179902367,5.940553517849781e-09,1.740320814493736e-10,34.13481852527233,2.095984461599236,0.000491931926284
461.07,1.0525169956707912,6.393096911026786e-09,2.7923152521322017e-10,22.895326400359124,2.0927945031276027,0.0009982682614546
464.07,1.030655495082217,5.310170481793988e-09,1.7049922364070795e-10,31.14483672362098,2.088227761819291,-1.704287390198158e-06
467.07,1.0176513049019165,5.071880005936424e-09,1.7002753470792848e-10,29.82975677821152,2.093429627228596,-1.704287390198158e-06
470.07,1.006645865685418,7.703066004562028e-09,1.6781425522547914e-10,45.902334066983805,2.1026965950961425,0.0005585858002073
473.07,0.9732331605984558,7.327682937880444e-09,1.6204893355218155e-10,45.21895193787776,2.076884570971785,0.0002039842369319
476.07,1.0046661119315887,9.9271143205266e-09,2.3588359253088976e-10,42.084802143356406,2.088999048185228,0.0008242388554305
479.07,1.0343168898206487,6.173395319313344e-09,1.6808381988340283e-10,36.72807604917436,2.0694005085637013,-1.704287390198158e-06
482.07,1.0419184253932594,5.053923929341168e-09,1.7976289192462903e-10,28.114389322687227,2.072376382633011,0.0001102713868671
485.07,0.998718772000481,1.623810753517155e-08,1.2676850450062468e-10,128.09260154277146,2.072775366084042,-8.198295999292851e-06
488.07,1.0032435410416882,8.834168080023291e-09,1.369854205919573e-10,64.48984163313186,2.0238599554224583,-1.704287390198158e-06
491.07,1.0046072110228246,5.657824078760919e-09,1.5472414138254696e-10,36.567170631583984,2.098376014376423,0.0007686674055683
494.07,0.976578222822678,7.727636136072064e-09,1.548230510644456e-10,49.91269764381151,2.0681570098885342,-1.704287390198158e-06
497.07,0.9701447281950414,7.980931662402903e-09,1.4239962031211795e-10,56.04601785390953,2.041110460096809,8.712413231677005e-05
500.07,1.0076367779083049,1.3554446224309328e-08,2.840854091253653e-10,47.71257441922272,2.0905862383679934,0.0002097513683504
503.07,1.060666021381166,7.224488100656553e-09,1.5746265275716163e-10,45.880645182563605,2.0868752976203973,6.071481375609605e-07
506.07,1.0595464011102649,8.746599569761908e-09,1.846840200672656e-10,47.35980712666003,2.109608915762304,0.0007949908551782
509.07,1.100866373692696,7.863852693163605e-09,1.7852078633588304e-10,44.050067527531134,2.086201859445762,0.0008093122822386
512.0699999999999,1.0555452898293678,7.300530231289077e-09,1.879942075275853e-10,38.8338041224905,2.080294100540653,0.0016267842752175
515.0699999999999,1.0644003865734384,7.818318194583585e-09,1.7961438471723129e-10,43.52835218009983,2.0523481462908757,-1.704287390198158e-06
518.0699999999999,1.0826191977319248,7.615452206672154e-09,2.4071623934954686e-10,31.63663667748509,2.1012798057980984,0.0045985183981784
521.0699999999999,1.0669584759777664,9.44007087248824e-09,1.7910075884361878e-10,52.70815675734129,2.0432979976591445,-1.704287390198158e-06
524.0699999999999,1.0261495461150452,6.5666738466523194e-09,1.7932512285028827e-10,36.61881694141977,2.0964995806925657,0.0025136433711458
527.0699999999999,1.031104220102247,5.985607914935791e-09,2.3097113913792924e-10,25.914960359447164,2.0976270642462627,0.003335837757075
530.0699999999999,0.9967132772783228,5.1379449223668215e-09,1.5267552155205915e-10,33.65270915819266,2.092589040657186,0.0009802904984408
533.0699999999999,0.958468615287848,5.793344378534545e-09,1.8484646817288692e-10,31.341385290175136,2.0966222250350626,0.005206310368938
536.0699999999999,0.991541737611699,6.49243979250875e-09,1.6729081302854587e-10,38.809302644735816,2.0816168378839945,0.0007055592765821
539.0699999999999,1.036591338739617,9.74020253228988e-09,2.3155363828166367e-10,42.06456268435662,2.1025247447216544,0.0018823101191406
542.0699999999999,1.1144475612201343,8.967720650947311e-09,1.965242858563232e-10,45.6316155119043,2.0999716706574385,0.0024319356824517
545.0699999999999,1.135823020406647,6.8926778738818855e-09,2.606152195113572e-10,26.44771816014956,2.095108830149187,-1.704287390198158e-06
548.0699999999999,1.121745725123555,9.390924761980296e-09,2.0367740136852608e-10,46.10685671990048,2.0681922210872834,0.0011224434974713
551.0699999999999,1.0998976117505053,7.546850256514308e-09,1.89479728387663e-10,39.829328027502505,2.0940001372075923,0.0008166810583109
554.0699999999999,1.088869803017318,7.4741361682806e-09,1.7763325348241935e-10,42.07622177578551,2.1032233106887643,0.0004897454288621
557.0699999999999,1.0449815338684023,7.667740065273511e-09,1.9635718638771648e-10,39.04995893622756,2.0960775261491524,0.0022648711528508
560.0699999999999,1.003340408670268,1.0595493460885322e-08,3.1665024716995566e-10,33.46118803184891,2.110191000547849,0.0044400932536101
563.0699999999999,0.993308299102159,8.689453018242972e-09,1.8489374245775267e-10,46.99700975671727,2.071160067448762,-1.704287390198158e-06
566.0699999999999,0.9966100585198776,3.5361885882870406e-09,2.2331879052356707e-10,15.83471135588952,2.087489369735789,0.0004075332949507
569.0699999999999,0.985374508611532,4.460380254260449e-09,1.4059549467990116e-10,31.724915968435244,2.0828006215919705,0.0008090625895601
572.0699999999999,1.0156089151153382,6.303106555050905e-09,2.0575157875265992e-10,30.6345477068152,2.087603662841709,0.000686111023162
575.0699999999999,1.0891503727175194,7.668960525417101e-09,2.382343703893492e-10,32.19082331774223,2.094586939399625,0.0021086533536797
578.0699999999999,1.1274429851839711,5.509681473629799e-09,2.1677792037379332e-10,25.416248408183705,2.099421326829351,0.0007673400927475
581.0699999999999,1.1353273881883472,7.908485638176266e-09,2.1712971703667268e-10,36.42286162442031,2.1008186005227865,0.0007198408648938
584.0699999999999,1.1403099313453249,8.169166998100312e-09,1.8619449917364876e-10,43.874373487702144,2.0727600027751385,0.0012232974268906
587.0699999999999,1.0858153510523172,5.8587013249958724e-09,1.938920690958997e-10,30.216302050488395,2.096042773200428,0.000516782880843
590.0699999999999,1.0824108391151313,7.194007317590188e-09,1.4182589124289947e-10,50.72421723949756,2.0787003340891683,-1.704287390198158e-06
593.0699999999999,1.0890392400275657,6.632757689948131e-09,1.680391143745919e-10,39.47151063390171,2.096874080887267,-1.704287390198158e-06
596.0699999999999,1.0922896766595316,8.032943392533102e-09,1.9130109342757302e-10,41.99110025251575,2.070947585818986,-1.704287390198158e-06
599.0699999999999,1.09901319226202,7.178140132961561e-09,2.032964864537245e-10,35.30872696413023,2.061634650671259,-1.704287390198158e-06
602.0699999999999,1.1290978087899273,7.3409360192337794e-09,2.1025527041220757e-10,34.914397174642986,2.093696172495438,0.0012193228147383
605.0699999999999,1.1247558990274424,6.401199752521389e-09,2.0640870506545024e-10,31.0122567286667,2.095975537478495,-1.704287390198158e-06
608.0699999999999,1.1430793362705944,8.155853153206542e-09,1.5815806714732092e-10,51.56773410495423,2.080757588450069,0.0017860272391845
611.0699999999999,1.1568314203966938,5.688210816181417e-09,2.03073835945032e-10,28.01055482953058,2.025789305221211,-1.704287390198158e-06
614.0699999999999,1.1714772494937804,7.482437182141191e-09,1.8588401024963428e-10,40.25325885799751,2.099007868661116,0.0006075595950854
617.0699999999999,1.2257468342992082,6.938155759887239e-09,2.0974731085527879e-10,33.07863987192865,2.096278244314966,0.0010742630306767
620.0699999999999,1.3180198976328978,1.3218927359921724e-08,4.309855156575414e-10,30.67139585829007,2.102034464932798,0.0014343664896659
623.0699999999999,1.3079531164934928,6.422191212012732e-09,2.2415191448831227e-10,28.651065625172688,2.1033341916574755,0.0019893032167814
626.0699999999999,1.271368224874332,6.547668568452217e-09,3.1830431596962356e-10,20.57046744247437,2.0980649522461943,0.001977050486379
629.0699999999999,1.226326119091538,5.436358702206621e-09,2.0003920965397519e-10,27.17646561196854,2.0862558370476423,0.0001397942340175
632.0699999999999,1.1054663983578434,7.981118910186592e-09,2.1726040566560047e-10,36.73526653757081,2.102186977461724,0.0026984306428056
635.0699999999999,0.9351495459732312,4.224104677559197e-09,1.036599677459218e-10,40.74962369188449,2.107226883111871,0.0011654829752249
638.0699999999999,0.890475297235184,6.576329879474165e-09,1.372515321502767e-10,47.91443692062936,2.0749797764216185,-5.069704953685388e-05
641.0699999999999,0.8875697014347743,7.476444493832437e-09,1.730434200181019e-10,43.20559830041692,2.0964118290229905,0.0006930039129583
644.0699999999999,0.8499261518065433,8.362314794862572e-09,1.1335854611302099e-10,73.76871953284544,2.0784273795944563,0.0039026080754453
647.0699999999999,0.8873071342476518,8.041481838355606e-09,1.8093136326685646e-10,44.44493034905833,2.1045454556117864,0.0017906288909416
650.0699999999999,0.976284815550099,7.363968535920043e-09,1.93803346597563e-10,37.99711751733312,2.093840696980382,0.0036844955813657
653.0699999999999,0.9578883695669184,7.744483199009238e-09,1.7778268868052752e-10,43.56151465864004,2.090264502641761,0.001855748991708
656.0699999999999,0.9414689323692716,5.079194792574822e-09,1.6165980653281238e-10,31.419032977401763,2.105584940180562,0.0019001961887102
659.0699999999999,0.9789733953293976,9.508346522640489e-09,2.1158722386026988e-10,44.93818837057811,2.0811251076377664,0.0032684880373954
662.0699999999999,0.9655482215638084,6.861789002737256e-09,1.6133248808949814e-10,42.53197284684981,2.0860397674391464,0.000421944168961
665.0699999999999,0.9390516211097464,4.7931879581556524e-09,2.2975176441028158e-10,20.86246419242364,2.090825003729547,0.0004952027139883
668.0699999999999,0.9889371769192012,5.528835257906091e-09,1.7138459250285118e-10,32.2598150578449,2.1003133031861068,0.0016483327524056
671.0699999999999,1.0243829369544766,6.232170699605918e-09,1.6914805927686296e-10,36.84447061497199,2.084441359032575,-1.704287390198158e-06
674.0699999999999,1.0306740293165348,8.827164850636928e-09,2.2261144949984128e-10,39.65278906574489,2.076237124992722,0.0036434293885246
677.0699999999999,1.014785017474377,8.409522561314044e-09,1.5732440474195236e-10,53.45338871682092,1.9996198320909169,-1.704287390198158e-06
680.0699999999999,1.029786396217684,5.355723350478631e-09,2.0159919256816374e-10,26.56619444875891,2.074012009737197,0.0014651075760562
683.0699999999999,1.027137754413009,7.221051349297031e-09,1.8287737242771806e-10,39.48575623893075,2.0919516306915025,0.0012164120898702
686.0699999999999,0.9965131488691272,9.18398886433409e-09,1.4867194214125154e-10,61.77351780074606,2.058183551368264,-1.704287390198158e-06
689.0699999999999,1.0229270255977614,8.942621522816352e-09,2.3981395327295107e-10,37.28982989008171,2.09211840353584,0.0019204662204229
692.0699999999999,1.0672661800951992,5.750697929323451e-09,1.7094895473563299e-10,33.63985429578507,2.068970848437703,-1.704287390198158e-06
695.0699999999999,1.0789966125053447,6.208770593954567e-09,2.1900887737968962e-10,28.349401486546103,2.094662240076178,0.0017673442862135
698.0699999999999,1.0638026929886193,4.095762648881213e-09,1.7429067683794278e-10,23.499608373714068,2.092921427436107,0.0032829493182855
701.0699999999999,1.0948048489458444,8.542916355133903e-09,1.9015786234084384e-10,44.92539119850517,2.0908031338006783,-1.704287390198158e-06
704.0699999999999,1.0978438478024728,6.388272146796259e-09,1.7535558475682703e-10,36.43038889040885,2.098598236702962,-1.704287390198158e-06
707.0699999999999,1.105982144363026,7.569698004929024e-09,2.184724448974892e-10,34.648296303366074,2.098305584185194,0.0003039937943027
710.0699999999999,1.1206748662299504,5.710780509598871e-09,2.2072813110735363e-10,25.87246347327323,2.0920212349496814,0.0013459123812304
713.0699999999999,1.1259168895675504,1.1151729812544197e-08,2.528133251186564e-10,44.11053019974402,2.1079449460232103,0.0034904353158276
716.0699999999999,1.1020739264810973,6.791721354654073e-09,1.8934290853501439e-10,35.86995365816993,2.086259481993957,-1.704287390198158e-06
719.0699999999999,1.1038421767128053,5.989574557123402e-09,1.8121951669641491e-10,33.05148731390417,2.0960741763608173,0.0002380247939102
722.0699999999999,1.1044098996580705,8.761228693566545e-09,2.00067463058333e-10,43.791371968424784,2.0960069326891637,0.0002615964279351
725.0699999999999,1.111622691752033,5.826950097858774e-09,2.0124424693225308e-10,28.95461702227125,2.0951080718494053,0.0004390808287874
728.0699999999999,1.1308385575412645,9.54175273272672e-09,1.8917203538922229e-10,50.43955208862938,2.119705296195832,0.0046643073597729
731.0699999999999,1.0793782063320128,6.2073004512396604e-09,1.712156819795475e-10,36.25427518947213,2.0982962277529804,0.0002459310502744
734.0699999999999,1.070431852618267,6.398498335758073e-09,1.3125660450336918e-10,48.748010509397496,2.074972716334989,-1.704287390198158e-06
737.0699999999999,1.062145403347304,4.602830688714311e-09,1.6875064952573689e-10,27.275928724720632,2.0676985106807524,-1.704287390198158e-06
740.0699999999999,1.043848605584925,6.021664489130475e-09,2.2584935059953663e-10,26.662305971416107,2.1112046006370737,0.0016696323834205
743.0699999999999,1.0208538654168209,5.157501831061721e-09,1.5161145594233018e-10,34.017890000499214,2.1063058932631877,0.0003529030007251
746.0699999999999,1.074313487843119,6.417906276920438e-09,2.176894048603336e-10,29.481941397368765,2.107399100526579,0.0042049766361165
749.0699999999999,1.0747398567894082,3.645226153478417e-09,1.7153302210504307e-10,21.25087116605549,2.0649588653624726,-1.704287390198158e-06
752.0699999999999,1.078243815054324,6.4063001941291304e-09,1.6605310650873702e-10,38.57982743485775,2.043538764080582,-1.704287390198158e-06
755.0699999999999,1.073597507980868,7.924086901298505e-09,2.0823411799245487e-10,38.053739597012736,2.110190198825891,0.0076664492011259
758.0699999999999,1.0984761218658166,6.736452741906984e-09,1.8242652594784356e-10,36.92693651269204,2.0827908138034363,-1.704287390198158e-06
761.0699999999999,1.114434031142814,6.962181769498585e-09,2.154984333091553e-10,32.30734285437054,2.0826440212670945,0.0043845307630018
764.0699999999999,1.1093906315802446,6.168646301498291e-09,2.075730146715864e-10,29.717958816843662,2.093642444032951,0.0002353569908479
767.0699999999999,1.1386455189920706,8.350304723892824e-09,2.057573448497716e-10,40.58326437867666,2.0874906671091904,0.0003974958834639
770.0699999999999,1.135821611128465,6.294666786232895e-09,2.4937057980917764e-10,25.2422189941158,2.0761690830588795,0.0012354660157682
773.0699999999999,1.1410809584890071,9.062734892824645e-09,1.744787494069325e-10,51.94176897547476,2.078099236460041,-1.704287390198158e-06
776.0699999999999,1.1184396161952768,5.521805247482639e-09,1.9852538917813087e-10,27.814101109899287,2.091128073019604,0.0012067014477216
779.0699999999999,1.105050353207081,7.378450725089703e-09,2.1597735435163755e-10,34.163075787458176,2.096840858998533,0.0022321513859198
782.0699999999999,1.0495423001596722,6.786005811406405e-09,1.8613859744392426e-10,36.45673656400437,2.0881592982333714,0.001551736462983
785.0699999999999,1.0275250252851589,7.371309844713064e-09,2.0910305990183128e-10,35.25204197477412,2.079079748356031,0.0039412875713618
788.0699999999999,1.0134953187163724,6.881157506243534e-09,1.6599337533975172e-10,41.45441040739925,2.089024644029486,0.0001012403769371
791.0699999999999,1.0871393522000694,6.737633676077363e-09,1.8349025889308647e-10,36.71929897926162,2.110487444190088,0.0027820042920801
794.0699999999999,1.0674382817054406,8.023439828811741e-09,2.1936725748797437e-10,36.57537556283476,2.0806453899715147,0.0024581278398104
797.0699999999999,1.0644143098379473,7.505152002219956e-09,1.7355000588476216e-10,43.24489627043519,2.104771291726718,0.0006383390735121
800.0699999999999,1.0820081401927213,7.102415210607671e-09,2.1452853908660974e-10,33.10708794665438,2.074259224473265,0.0005743061923002
803.0699999999999,1.0955158008934436,8.933837061944049e-09,1.9218584532029838e-10,46.48540607688796,2.0943641907834385,0.0004273889474792
806.0699999999999,1.0439087674998275,4.874263557696066e-09,1.7791027523239052e-10,27.397313344207863,2.117107569009008,0.002112785792946
809.0699999999999,1.086523271378384,9.112542345221324e-09,2.0241605707340616e-10,45.01887091850949,2.0896708998929663,4.916084792989035e-05
812.0699999999999,1.10546595086039,8.661347614782322e-09,2.4906515867146103e-10,34.775428490210494,2.099715213334534,0.0033188805593582
815.0699999999999,1.1108672356497238,7.691182481901769e-09,1.880201499992789e-10,40.90616075953172,2.096333459439232,0.0007971127412939
818.0699999999999,1.115615283147655,7.1118312339441665e-09,1.9342722745296778e-10,36.76747750351445,2.0878192914102325,-1.704287390198158e-06
821.0699999999999,1.0911711785582978,8.019431996603005e-09,2.123350359634268e-10,37.76782272514036,2.089059063722784,0.0022566592136245
824.0699999999999,1.0718657596715122,5.724091516321238e-09,1.7408524005977717e-10,32.88096977294402,1.979128094408512,-1.704287390198158e-06
827.0699999999999,1.0772971231214632,8.693873589649811e-09,1.878215665302757e-10,46.287940997704375,2.1084275219446917,0.0046782998444819
830.0699999999999,1.0565702354924242,6.911314077665521e-09,1.6184447983768324e-10,42.70342791176445,2.0804599852697105,-1.704287390198158e-06
833.0699999999999,1.0518127637099377,5.528645074834653e-09,1.7191625756252908e-10,32.15894269233835,2.103306030339352,-1.704287390198158e-06
836.0699999999999,1.076944422698596,8.913737576953758e-09,2.1010167850722178e-10,42.42582753401167,2.104946694532515,0.002284479582391
839.0699999999999,1.0959180285262795,5.799796013152661e-09,1.8198729027288702e-10,31.86923660688589,2.094184968010634,0.0001903603696819
842.0699999999999,1.066437275906316,3.812708108837665e-09,1.588842412473812e-10,23.996766947461555,2.0695133739020024,9.539924795900629e-05
845.0699999999999,1.0561593251163233,9.118889997354906e-09,2.129414565544256e-10,42.82346023600253,2.100039783900301,0.0026691613528254
848.0699999999999,0.9829283129214436,4.071135523319197e-09,1.5268893222664978e-10,26.66293793499091,2.0841762872434617,3.4351763555854534e-05
851.0699999999999,1.0014530227722769,6.781042410617487e-09,1.3184654305394238e-10,51.43132503552375,2.092380871589292,3.162487388181255e-05
854.0699999999999,0.990757741574324,4.029156913919866e-09,1.8189681406104967e-10,22.150783314805985,2.0603126757589614,0.0007380883194344
857.0699999999999,0.9932141578360878,4.0273027451123825e-09,1.3250218005588218e-10,30.39423761491233,2.096266334922966,-1.704287390198158e-06
860.0699999999999,1.0438825088825092,8.605651601772257e-09,1.8213665428731526e-10,47.248323713013264,2.099691610659879,0.0021325705126678
863.0699999999999,1.1184750262978966,6.942992150366762e-09,2.1749633348962477e-10,31.922341121662924,2.088428515533904,6.542007691583617e-05
866.0699999999999,1.0868920152286403,6.876984576757566e-09,1.9828181088076947e-10,34.682881633014865,2.1107281158436995,0.0002619426058237
869.0699999999999,1.063247698816288,5.763774558304615e-09,1.6200471897400368e-10,35.57781893519724,2.093182506336711,0.0002996941966878
872.0699999999999,1.0703452071546744,5.013638770992419e-09,2.0033219110244828e-10,25.026625742981487,2.0999894470120526,0.0012785264813719
875.0699999999999,1.0721638763942476,7.733082933675461e-09,1.7100183853506958e-10,45.22222100021185,2.052037595080061,-1.704287390198158e-06
878.0699999999999,1.0659352850139183,8.73770931118892e-09,1.9204281322954836e-10,45.49875709613124,2.1119053945197592,0.0049058371690415
881.0699999999999,1.0591023268596789,4.997769644173936e-09,1.8844695348122067e-10,26.52083014264266,2.100322451754874,0.0004005735004499
884.0699999999999,1.089383900591289,7.0847173761665115e-09,1.8313388723627023e-10,38.68599898732101,2.075928268029802,-1.704287390198158e-06
887.0699999999999,1.1234380474423271,9.222637309887198e-09,2.2496590405647952e-10,40.995711543789234,2.108627457250766,0.0013918490675251
890.0699999999999,1.1244654439147164,6.48852615848532e-09,1.9363373203590842e-10,33.50927594207632,2.0769144581536385,-1.704287390198158e-06
893.0699999999999,1.1396098231628684,6.034103794869266e-09,2.399615751290632e-10,25.14612513117497,2.1011365767647154,0.0022921127213346
896.0699999999999,1.1522464526421163,4.199591794316305e-09,2.0245459244127526e-10,20.74337629824057,1.9554881295605973,-1.704287390198158e-06
899.0699999999999,1.1724564608784382,4.923484726897471e-09,1.6899629143560018e-10,29.133685035767044,2.0944014250517142,0.0004330493004187
902.07,1.2117834834814136,5.0263924429987714e-09,1.933435252023864e-10,25.99721111807229,2.1053806564175344,0.0054697944106381
905.07,1.2415789894922504,7.786174525127282e-09,2.381505994782021e-10,32.69433099134377,2.0419484638875183,-1.704287390198158e-06
908.07,1.2207971635449584,5.2273215004835526e-09,2.5524334307444585e-10,20.479756445436145,2.1144277746721047,0.0007625852067732
911.07,1.1552793157211445,7.705606725720599e-09,2.386969564560167e-10,32.281964714286026,2.0925896399399724,0.001166615872539
914.07,1.109041154189201,7.3930672716348845e-09,1.3895339364918862e-10,53.20537395653634,2.08790183006906,0.0007764098469015
917.07,1.0699121472931747,5.405192761025737e-09,1.855909898496305e-10,29.124219690865008,2.115981028236043,0.0066991803911111
920.07,1.0470290577745678,6.483827962967526e-09,1.9594886027018262e-10,33.08938849670954,2.104466973371495,9.753687295777492e-05
923.07,1.0562264996227244,4.118417013572674e-09,1.80208082411897e-10,22.85367536490019,2.093639740319033,-1.704287390198158e-06
926.07,1.0885151763211598,6.661217352924469e-09,2.6513874265364876e-10,25.12351565921857,2.0803082376940067,0.0010597709443974
929.07,1.0867336723218226,1.1117089688969884e-08,1.665090037097471e-10,66.76569699707542,2.0304466484792245,5.536821309303714e-05
932.07,1.0250898585185255,1.2389653878700089e-08,2.633391412223449e-10,47.04828086394928,2.109038731626355,0.002853415868037
935.07,0.9466394620459077,6.17455917600282e-09,1.5436249217589472e-10,40.000385384857374,2.0818714781934418,8.26471202977292e-05
938.07,0.940849707141314,1.7822832784796171e-09,1.7677807350305462e-10,10.082038134943362,2.0376103279289706,-1.704287390198158e-06
941.07,0.9490809994854988,6.205640096532795e-09,1.4277811921997375e-10,43.46352319553924,2.0041585693388853,-1.704287390198158e-06
944.07,0.9661169337970038,7.684043319575706e-09,1.657577189843205e-10,46.35707686290351,2.038008757316611,-6.125564576814519e-06
947.07,1.0170656804938198,9.295656057962708e-09,2.4429457425766036e-10,38.05101315168166,2.106970117835726,0.0025236869902015
950.07,1.0619444492549304,6.498422479792457e-09,1.9520928119082e-10,33.28951595001342,2.107268312648232,0.0019263728541947
953.07,1.1417885247761588,1.0174932540502722e-08,1.3698808442186314e-10,74.27604074795585,2.0802866885212925,0.0002740929434599
956.07,1.1410042192270422,4.8685423051915015e-09,2.2051732758357687e-10,22.077821994946436,2.062462890894782,-1.704287390198158e-06
959.07,1.113466662987115,6.839820150497309e-09,2.3798991904457783e-10,28.739957465240973,2.0838647772862866,0.0016088041019175
962.07,1.0754968832955267,4.270280251822289e-09,1.6116075562492256e-10,26.49702302067089,2.047916803581596,-1.704287390198158e-06
965.07,1.096781537004985,5.097203234269295e-09,1.9901943666144496e-10,25.61158507819629,2.1016298494884094,0.001859635962477
968.07,1.0280440318769632,7.566740486636324e-09,1.5926614993852432e-10,47.51003580834368,2.104179702522206,0.0002356507341502
971.07,1.0256771760740453,4.555489117986129e-09,2.0559474550973879e-10,22.157614518267643,2.0851590827460647,0.0014754354787654
974.07,1.0220779503541746,1.0693473941603892e-08,2.023374982159447e-10,52.849689434191205,2.093247939438228,0.0019163066832967
977.07,1.045908059567738,9.46960888614993e-09,2.3727270381744724e-10,39.910232967360855,2.083902716011564,0.0015110341384939
980.07,1.0182183423424551,6.850554826251165e-09,1.6536920803757086e-10,41.425818672934334,2.0897522217680384,-1.704287390198158e-06
983.07,1.0015847930307398,6.023655621039551e-09,1.9740252315279318e-10,30.51458271572917,2.0914325585464337,0.0021628849316933
986.07,0.9914852712758786,5.818920027167055e-09,1.8501193699977422e-10,31.45159237576198,2.0932772485981594,0.0015778295593878
989.07,1.0201201134241256,6.939001512883684e-09,1.6977160741294519e-10,40.8725676726707,2.085480433495076,-1.704287390198158e-06
992.07,1.039084747659377,6.98186855155961e-09,2.2798301801454576e-10,30.624511476175623,2.080024540724345,0.0014600221034155
995.07,1.085162018805056,7.615371403977971e-09,1.89936629708624e-10,40.09427468340614,2.0867545820429743,0.0005826677723662
998.07,1.1108264034967812,7.531381769964303e-09,2.0643151001933169e-10,36.48368298647339,2.0873553825879525,0.0016711142562411
1001.07,1.1360423304856075,6.802261314535518e-09,1.9889897638051118e-10,34.19957929558268,2.105645666862112,-1.704287390198158e-06
1004.07,1.1433486248124036,1.3577977951015681e-08,3.01418188369781e-10,45.04697617768893,2.0947961925923164,-1.704287390198158e-06
1007.07,1.1451575268883891,4.5842413759869045e-09,1.8613902444563755e-10,24.628050940095832,2.065177291907525,-1.704287390198158e-06
1010.07,1.1409602565905324,5.247459727091438e-09,2.288739416498004e-10,22.92729215596141,2.0757710429924194,-1.704287390198158e-06
1013.07,1.134891222542821,8.099737371831774e-09,1.993355474205514e-10,40.63368263535666,2.0808584012526428,-1.704287390198158e-06
1016.07,1.128905074299592,7.145850890625199e-09,1.9817903792069528e-10,36.057551624025606,2.098102542676936,-1.704287390198158e-06
1019.07,1.125740074288362,5.857517563945111e-09,1.9305114595613047e-10,30.34179121255354,2.1139437360768767,-1.704287390198158e-06
1022.07,1.1163697072961976,7.777025197511583e-09,1.7471792061120084e-10,44.51189191300971,2.0848159790778324,3.841126274623462e-06
1025.07,1.064750240915331,1.2212415811089669e-08,2.1297259838049864e-10,57.34266240801016,2.0971377324448106,0.0005299074774714
1028.07,1.0324204546572855,1.0980453561962566e-08,2.1299206350314454e-10,51.55334607949114,2.087419131453898,0.001772187663679
1031.07,0.9937766265489596,6.7018819222426664e-09,2.211393616028036e-10,30.306146647380483,2.0909526318979754,2.153123992399965e-05
1034.07,0.978390228905611,6.538748946201426e-09,1.4103936006360352e-10,46.36116431081857,2.113104543117666,-1.704287390198158e-06
1037.07,0.9775773474562808,5.707556822801125e-09,1.5154007512889123e-10,37.663679511486365,2.065291266894147,-1.704287390198158e-06
1040.07,1.0175691973698735,8.764977252652126e-09,1.7771110252871255e-10,49.321494987832736,2.1242443860311035,0.0009738289528049
1043.07,1.0503237171347193,5.981034495800328e-09,2.7101853176649453e-10,22.0687288681554,2.1009968606504925,0.001797547282548
1046.07,1.0996426566599284,9.882384412441917e-09,1.8542376194298519e-10,53.2962135429039,2.07178826314301,0.000961052022293
1049.07,1.0879278734408186,1.766188408403909e-08,2.489336127455398e-10,70.9501777973756,2.077878783244255,0.0016488237860104
1052.07,1.0739437652584725,7.755972028504081e-09,1.9604320873535172e-10,39.56256418437959,1.9991171636892744,-1.704287390198158e-06
1055.07,1.0434434828637495,3.794904226208925e-09,1.946599896228849e-10,19.49503970261582,2.1035737522647624,0.0016048388796641
1058.07,1.02533275901405,6.064886348048959e-09,2.039278480562908e-10,29.740353786182503,2.0842400711344418,0.0017988329298063
1061.07,1.0072132810326349,8.119591170587017e-09,1.2876690426552938e-10,63.0565067701221,2.0752046012000616,-1.704287390198158e-06
1064.07,1.0552178274614177,7.490381756422931e-09,2.1161647472935767e-10,35.39602370752367,2.109234603141264,0.0031004675475413
1067.07,1.107682466596514,7.601414266074288e-09,1.869031632832409e-10,40.67033501490173,2.0970064080705644,1.8668839401584958e-05
1070.07,1.145670481931626,7.095849842685553e-09,2.4698592428214913e-10,28.729774230289628,2.0817067916887804,0.0016721683313105
1073.07,1.157885985439843,8.836907325127555e-09,2.2184276529885244e-10,39.83410192900831,2.0584512720277406,0.0031252639457406
1076.07,1.1670282402353331,9.633978828219968e-09,1.3876142314407206e-10,69.42836567925136,2.0608936153184003,0.0013284955661757
1079.07,1.13568802489438,3.109310759995064e-09,2.012330466023314e-10,15.451292978431908,2.10948430417384,0.0019375632097881
1082.07,1.092789895614101,6.443916180255321e-09,1.9351289341358808e-10,33.299673559647374,2.1019169675622846,0.0001107125944722
1085.07,1.0929580394090168,7.016777004287471e-09,1.8865749582523726e-10,37.19320546259904,2.08207312984484,0.000713452295694
1088.07,1.08331477993103,7.029455528413385e-09,1.6907990850780938e-10,41.57475356150143,2.0845053666738367,0.0012599051411627
1091.07,1.1017136002312675,8.024221826162125e-09,1.9774661130948655e-10,40.57830257128242,2.075554606019681,-1.704287390198158e-06
1094.07,1.109033318577578,6.729806504791329e-09,2.073785290190493e-10,32.45179979154517,2.081194125330135,-1.704287390198158e-06
1097.07,1.1570775513978893,9.404558555011801e-09,1.9170902094959172e-10,49.05642159366433,2.091145604008456,0.0003582359255485
1100.07,1.1623102780464027,6.271435746413061e-09,1.7910160324935482e-10,35.01607820719299,2.0670478886758388,1.1589414465869286e-06
1103.07,1.197817491832306,6.179860946359668e-09,2.096633654176281e-10,29.475158590772462,2.112755420705572,0.0008850236002112
1106.07,1.2019203486672818,7.985181580301083e-09,2.2158766521219628e-10,36.03621876991362,2.088843509457254,-1.704287390198158e-06
1109.07,1.2113731192068624,6.6575921104486905e-09,2.2269334090292518e-10,29.895784415712807,2.089548726682431,-1.704287390198158e-06
1112.07,1.1673418230646675,8.21644748062685e-09,1.9515686364228916e-10,42.1017602316417,2.0918702002540708,0.0002895383863815
1115.07,1.1627580501600665,1.0078854398639029e-08,1.8896955897486328e-10,53.33586241781786,2.087328016790214,-1.704287390198158e-06
1118.07,1.154679877809033,4.947920686996963e-09,2.1748762032198878e-10,22.750355535968456,2.092847101259438,-1.704287390198158e-06
1121.07,1.140822062727212,6.9269542910295704e-09,1.8358265514015062e-10,37.732073793907134,2.0853483167182514,-1.704287390198158e-06
1124.07,1.1329346511584732,7.809395478635775e-09,1.9845118284200735e-10,39.35172049265666,2.096313956226013,0.0007022212276829
1127.07,1.1347731523735536,7.364037902202617e-09,2.1202791905061364e-10,34.731453929162655,2.093122722805813,-1.704287390198158e-06
1130.07,1.1353933932154667,7.606503946781892e-09,2.0637117795341908e-10,36.85836376094528,2.091660065045367,-1.704287390198158e-06
1133.07,1.1080367706424212,5.806805627468815e-09,2.2794511598803628e-10,25.474577958378305,2.097911621378086,0.0016265692256651
1136.07,1.0861761581299831,7.50888872031954e-09,2.2526467794838779e-10,33.33362686377294,2.092582854961527,0.0020905757285586
1139.07,1.0568426577841563,6.558229049214957e-09,2.2322100659569376e-10,29.379981522498312,2.115350820437248,0.002376107034854
1142.07,1.0184968198950208,6.0574626606270155e-09,1.7330839897525906e-10,34.95192787218441,2.122553127496768,6.570054213004726e-05
1145.07,1.008374078358241,6.839153369607124e-09,1.4856319696971323e-10,46.03531365174771,2.0648961268404284,-1.704287390198158e-06
1148.07,1.0127916879118135,8.209175314339562e-09,1.9505836891193277e-10,42.08573751606595,2.119381011452976,0.0033254278248526
1151.07,1.0039253290645236,5.625140356692391e-09,1.5513837568775282e-10,36.25885814361055,2.063408458670462,-0.0001017893014385
1154.07,0.9938957199639362,1.0263105426447262e-08,1.9833257220304168e-10,51.74694863504554,2.117965412286197,0.0040355790109644
1157.07,1.021732589407673,7.253268761560781e-09,1.7198744594557594e-10,42.17324538824781,2.082675466536394,0.0005359092571486
1160.07,1.0364905068661237,8.415685781151153e-09,1.697730656884333e-10,49.57020565674168,2.0751056878147733,0.0014221861677834
1163.07,1.031898025754079,7.719851335282229e-09,1.92545824458458e-10,40.09357957771656,2.097798889702568,0.0011931252047157
1166.07,1.0439561059561904,4.8626120397028734e-09,1.8181452492942615e-10,26.744904135631423,2.0978274084148265,0.0017940875115132
1169.07,1.0850546253975375,5.790977532643476e-09,1.791522008437439e-10,32.324344916612844,2.0828195701748924,-1.704287390198158e-06
1172.07,1.0860638638354638,4.200520719779563e-09,1.6447358991723243e-10,25.5391806179544,2.088261348029459,0.0002146514600305
1175.07,1.0663990475012617,1.1957635681379638e-08,1.9899923392650957e-10,60.08885283345157,2.1021914278999376,0.0010775398668251
1178.07,1.0236446349459023,7.585882212202447e-09,2.7468246740007716e-10,27.61691448312771,2.09904002577394,0.0046225327527509
1181.07,0.9820010342782972,7.323202630974194e-09,1.7839289740865866e-10,41.05097645338624,2.0559411194642507,0.001503576250588
1184.07,0.9486284307163824,4.0160320874192195e-09,1.5978058656302964e-10,25.134668571485,2.067954009563157,8.801962273388117e-05
1187.07,0.9285081369040644,4.787960213874308e-09,1.86753372045183e-10,25.63787824251929,2.086558608007813,0.0002324681983448
1190.07,0.9113721188838156,1.5350124122497708e-08,1.6578243510286638e-10,92.59198124923851,2.08884225152386,0.0037891755778274
1193.07,0.9286434229123594,7.718229806947653e-09,2.0068411193793503e-10,38.459595692032885,2.0974754959592823,0.0025899909365223
1196.07,0.9683244245803804,7.884053065916372e-09,1.6066165378911622e-10,49.07240078746448,2.0648593238823767,0.001073115150905
1199.07,0.992694040881075,9.866167449521733e-09,2.0460329035400742e-10,48.22096180589839,2.114239212922152,0.0005391492961814
1202.07,1.0187556145777412,3.6083918440884995e-09,2.202340870751817e-10,16.384347636688485,2.078264022551866,0.0003909877788515
1205.07,1.0536159494776962,9.05640716923872e-09,1.6801902277946436e-10,53.90108226689206,2.10295840411406,0.0017664751606159
1208.07,1.1203795779167882,8.543693854428782e-09,2.2464863383374468e-10,38.031363505872456,2.0813356102967098,0.0002297491671687
1211.07,1.127275952428499,6.209361396553306e-09,2.0930584575105562e-10,29.66644994683331,2.0017863723538603,-1.704287390198158e-06
1214.07,1.1131688827823731,7.622490386449562e-09,1.7895887167593278e-10,42.59353177110285,2.0956842562865785,0.0001254693099637
1217.07,1.0899503544407196,4.834475112483754e-09,1.9482800893117529e-10,24.814066206422996,2.0822780106182663,0.00042423701847
1220.07,1.0622089228271427,4.866561944522784e-09,1.6252328200785056e-10,29.943783342301128,2.0929849797634,0.0021894159788731
1223.07,1.0303954811392078,5.279788104022584e-09,1.6048168161394915e-10,32.899630979213654,2.101538372457742,0.0001982032920769
1226.07,1.0442502403203902,7.237925310570842e-09,1.6863473800932082e-10,42.92072556350036,2.1115585986970653,0.0020339755348793
1229.07,1.0579926970097406,9.508999993227804e-09,1.871113127153908e-10,50.82001646630339,2.0826633972291244,0.0006946680782043
1232.07,1.0480478119405865,5.298242287346912e-09,2.0315188771081703e-10,26.080202094350515,2.104592251519665,0.0002139176400188
1235.07,1.0643084079448295,1.3046841355309124e-08,1.5648865300972324e-10,83.37244333299024,1.9671485563741653,-1.704287390198158e-06
1238.07,1.0698534152396333,5.706357230805903e-09,1.9462788144226304e-10,29.31932048234677,1.9069207140463875,-1.704287390198158e-06
1241.07,1.0431253882770186,5.342031249668915e-09,1.5713875429659918e-10,33.99563190876414,2.087228991812428,0.0022243339800525
1244.07,1.033466325718,7.095938901891942e-09,1.88402649152046e-10,37.6636896234157,2.078449740375913,0.0007058736095375
1247.07,1.0577792946786595,1.0602831050799176e-08,1.9141182896279655e-10,55.39276808676217,2.079175797653684,-1.704287390198158e-06
1250.07,1.0504210630843938,4.225425371816229e-09,1.6757429869440174e-10,25.215235300026293,2.0501095800262354,-1.704287390198158e-06
1253.07,1.0321671343230985,6.17480792401643e-09,1.5468676292735618e-10,39.91814042237238,2.04169833810902,-1.704287390198158e-06
1256.07,1.0244948307181825,9.853273208834388e-09,1.7200895526343478e-10,57.28348965170983,1.9436207322107688,-1.704287390198158e-06
1259.07,1.0000759015125846,5.3164568102167355e-09,2.1524587614793037e-10,24.69945954533844,2.085796905272188,0.0020915358467841
1262.07,0.9731251689862672,7.591521214046411e-09,1.6979909622027783e-10,44.70884346874286,2.0513479006931754,-1.704287390198158e-06
1265.07,0.97661066334435,2.3204285458611327e-09,1.376776416776425e-10,16.854069532176972,2.06460334454415,0.0010117262544266
1268.07,1.0040472367336288,7.747558344811898e-09,1.6441283690829168e-10,47.1225878131002,2.0586494016182537,0.0004212003222825
1271.07,1.035644337856373,9.155260953569777e-09,1.7879589587665207e-10,51.2050956688951,2.058548379763296,0.0004637025765035
1274.07,1.085540028458442,6.811789853619511e-09,2.122920004842298e-10,32.08688899290639,2.109230553418286,0.0020345431150915
1277.07,1.126706896493602,7.420718868181083e-09,2.0119032979100127e-10,36.88407328468424,2.0908131262174585,1.1444728318861635e-05
1280.07,1.1436107312616626,3.995330663998397e-09,1.9050625567681824e-10,20.972175689475637,2.094680795529672,-1.704287390198158e-06
1283.07,1.145193454881448,6.791278214628741e-09,2.2678034920844148e-10,29.946502147708777,2.0715537113767315,-1.704287390198158e-06
1286.07,1.1439877822246718,7.4451052726252884e-09,1.4500957712407852e-10,51.34216249906603,2.0867066201309825,-1.704287390198158e-06
1289.07,1.1432740698857342,5.04095860906418e-09,1.9337512329274244e-10,26.068289049946127,2.093620420701924,-1.704287390198158e-06
1292.07,1.142984262268249,6.843885020902343e-09,1.8020607041376428e-10,37.97810476188932,2.103342014987467,-1.704287390198158e-06
1295.07,1.1432380625094718,8.225373421802288e-09,1.6594753141677103e-10,49.5661089476804,2.0876712641332102,-1.704287390198158e-06
1298.07,1.1141747137286735,8.801438250574742e-09,2.293134805804597e-10,38.38168706129146,2.101799192607845,0.0016222836846239
1301.07,1.1025312882970786,5.460982710707904e-09,1.835012722252668e-10,29.75991743536242,2.07639785151787,-1.704287390198158e-06
1304.07,1.1013158164311585,7.620645879499174e-09,1.9806967397461517e-10,38.4745717331561,2.0977381001814264,-1.704287390198158e-06
1307.07,1.131273615550627,5.103202988721722e-09,1.7919962197640908e-10,28.477755323577288,2.0969481552577185,0.001896766143545
1310.07,1.1509384859227323,2.5032500173356236e-09,2.0592803309628587e-10,12.15594584038579,1.9677944273766037,-1.704287390198158e-06
1313.07,1.1567925368306622,1.3627832771478686e-08,3.237303534398585e-10,42.09624654183197,2.088786441239788,0.0056752616946955
1316.07,1.0451848466221312,5.6801710093673516e-09,2.1110174210541115e-10,26.907267333355428,2.111021984593856,0.0015342160107111
1319.07,0.984903203372002,7.85050339863634e-09,1.4872731504836514e-10,52.78454328368268,2.088168869686096,0.0003961036851952
1322.07,0.9424006658312843,3.2941242842000003e-09,2.1840345660188507e-10,15.082747935645852,2.103791221216634,0.003027816850923
1325.07,0.8944422076449877,7.559263269711327e-09,1.1881196062879364e-10,63.623756646259466,2.074331799067231,-1.704287390198158e-06
1328.07,0.8814884086523943,4.881004300213501e-09,2.4567285782448367e-10,19.867902150186413,2.0895097518068657,0.001037940773941
1331.07,0.9379560080226363,5.575408994710193e-09,1.6832244943344474e-10,33.12338320572461,2.1084644458017032,0.0016921842453583
1334.07,0.9838586451500748,7.394605607718952e-09,1.5743498200065971e-10,46.96926638380767,2.094544920389821,-1.704287390198158e-06
1337.07,1.0076592162283395,8.458985277853291e-09,1.5021621147285238e-10,56.31206642022143,2.097436659700101,0.0011307129563875
1340.07,1.0249853822683923,5.647117316960767e-09,1.7383178013944944e-10,32.48610416593903,2.0898082186238347,0.0023274205477051
1343.07,1.0652434902091132,7.766151723236943e-09,1.8801094330899015e-10,41.306913238946485,2.0889099312994097,0.0019601612410276
1346.07,1.1082558908076494,6.745481982726612e-09,1.9386758635814926e-10,34.79427432631811,2.0942994150234147,-1.704287390198158e-06
1349.07,1.1208467659450088,7.266367594279329e-09,2.0166020696707568e-10,36.03272903248424,2.1020605127437864,0.000473038247137
1352.07,1.1155382241304757,6.751035771326905e-09,1.7712243149422154e-10,38.11508070646124,2.108601308306027,0.0053913523208652
1355.07,1.142461546594226,5.905159849249756e-09,2.1678238559543464e-10,27.24003536094547,2.089326639650189,0.0037481897368296
1358.07,1.100047439082663,4.236188656141847e-09,2.482551854752972e-10,17.063847621275052,2.0678543122463453,0.0004201058661505
1361.07,1.0540545845390603,1.0304077868349745e-08,2.371675029900364e-10,43.44641545929936,2.1027365648641045,0.0014626475034682
1364.07,1.0061930805464403,1.1747303478054791e-08,1.6393301505695222e-10,71.65916806918752,2.064028051048532,0.0002969722540484
1367.07,0.9918285197973412,7.979451506480973e-09,1.6399667426617388e-10,48.6561788047602,2.1033818886150564,0.0048210798748843
1370.07,0.9695777341839106,8.875942463068254e-09,1.7858038252190058e-10,49.70278559001146,2.051438197375222,0.001502505216718
1373.07,0.9501356421814894,2.846812426319389e-09,2.2090667562395657e-10,12.886946120023284,2.0981247228926234,0.0008683101295136
1376.07,0.9719059188883143,8.47131425369513e-09,1.9152965827365787e-10,44.22977793648701,2.0924820731898413,0.0015627263546891
1379.07,1.0038729503194783,2.467181624241367e-09,1.906642622442252e-10,12.939926943839692,2.0577112358046463,-1.704287390198158e-06
1382.07,1.0047179809276134,1.0206152021058764e-08,2.0456304960155664e-10,49.89245145170685,2.0828219276557864,0.0030181701917471
1385.07,1.0021205174317174,8.158978553804943e-09,1.3016934984437571e-10,62.67972117521851,2.076034816810844,-1.704287390198158e-06
1388.07,1.050642235039384,6.806122293737554e-09,1.9889841705656984e-10,34.21908728314205,2.1069044285273417,0.0008214772818726
1391.07,1.058959273908498,7.873965543675117e-09,1.6544772738120352e-10,47.591862809532174,2.0845913527560165,-1.704287390198158e-06
1394.07,1.060832687820213,7.525494466824093e-09,1.6035550584264606e-10,46.93006596361415,2.062361480275566,-1.704287390198158e-06
1397.07,1.0705676491859617,6.041440802992926e-09,2.0861492992000148e-10,28.95977198424708,2.1047300494352257,0.0041989942772159
1400.07,1.0584692048791913,9.349724146821797e-09,1.7963073118582402e-10,52.04969152605469,2.053409290790568,-1.704287390198158e-06
1403.07,1.0542124013866108,6.312782320248213e-09,1.6517089210789698e-10,38.21970227129622,2.092785156938814,-1.704287390198158e-06
1406.07,1.0859427537336297,5.5283237929331e-09,1.732908127403878e-10,31.902001643995103,2.097028735884727,0.0005201398065961
1409.07,1.0882638977426793,7.563442067175453e-09,1.8519855303780068e-10,40.839639096055386,2.0998171329066917,0.0001624187112519
1412.07,1.058592605734642,4.90186092642615e-09,1.8422796619324407e-10,26.607583135800308,2.073590881350882,0.0001493482698983
1415.07,1.104136388307796,7.4436686302328655e-09,2.0274470925115942e-10,36.71449014736889,2.099728016888624,-1.704287390198158e-06
1418.07,1.1175253205918951,6.6199169295581054e-09,1.9491976902526998e-10,33.962265411364605,2.1131435472520543,0.0002632505102359
1421.07,1.087340876443349,5.772822996105665e-09,1.9695652736002543e-10,29.31013799584957,2.1063239610492865,0.0002051304329699
1424.07,1.0578687818330712,5.9866042691421345e-09,1.7688902804988626e-10,33.843841730272786,2.094759768040745,8.492624850434355e-05
1427.07,1.0972411763444263,4.607347440522867e-09,1.8335286283456638e-10,25.12830925732495,2.066816013315125,-1.704287390198158e-06
1430.07,1.0949134417961912,5.995111028550845e-09,1.8857291690164918e-10,31.792004530945523,2.0997254642573515,-1.704287390198158e-06
1433.07,1.090550599281985,6.1136612082588894e-09,2.049685481984788e-10,29.827313809818275,2.089920287702342,0.0004597150719178
1436.07,1.0854457487361058,6.923497266086831e-09,1.4943839088824158e-10,46.33011119120395,2.0849130839519576,0.0002253493287105
1439.07,1.104482981664228,9.46607811251976e-09,1.8582729529908278e-10,50.94019205996852,2.077738938179788,0.0008327121782546
1442.07,1.0937635127578,6.101269845263963e-09,1.8775289243977115e-10,32.4962761743933,2.056051783565654,-1.704287390198158e-06
1445.07,1.0502991671440638,6.563037199142686e-09,1.6637681616647552e-10,39.44682528709863,2.1135195827921343,0.000317839918848
1448.07,1.0420482057173155,6.2769254906178685e-09,1.7355337043596263e-10,36.16711951401667,2.0919877549275525,3.2551776601904624e-05
1451.07,1.0250581905056186,6.876641156845351e-09,1.9155164825826569e-10,35.89967102540249,2.098627957737913,0.0011652906354365
1454.07,1.0049197745960738,8.667300953414901e-09,1.8313748747246874e-10,47.326743819819335,2.059110489790451,-1.704287390198158e-06
1457.07,0.999602428158013,3.838953253483044e-09,1.6984427678195096e-10,22.602782538333976,2.068618420229671,-1.704287390198158e-06
1460.07,1.012626926685526,3.9420931547027995e-09,1.6008682317020828e-10,24.624719740434028,2.0993612762606197,0.0012037637186008
1463.07,0.9924063408639824,7.406848274383029e-09,1.3875393598228475e-10,53.38117597852279,2.1001504579706727,0.0002175131823547
1466.07,0.9804043109435052,9.700008916937685e-09,1.611588841939001e-10,60.18910446951849,2.068195654657043,0.0014387549676933
1469.07,0.9814327472765306,8.338268584419879e-09,1.6898359443888866e-10,49.343657365717455,2.0905087716710304,3.561958817255075e-05
1472.07,0.9630125196984812,8.550032735758303e-09,9.782758102465707e-11,87.3989998137979,2.0895687679239354,0.0003283672906711
1475.07,0.9403480440172794,4.756491554840248e-09,1.6914132417235294e-10,28.121404264243797,2.0372001589664643,-1.704287390198158e-06
1478.07,0.945468337061476,4.5315102751720605e-09,2.042133256922439e-10,22.19008118011453,1.9999493426114137,-1.704287390198158e-06
1481.07,0.9546436751132458,7.984005368061902e-09,1.3684664817437715e-10,58.34271773970134,2.0359975022694243,-1.704287390198158e-06
1484.07,0.9603536788525612,8.779911935307718e-09,1.3977753696288562e-10,62.8134686451014,2.032132500833423,-1.704287390198158e-06
1487.07,0.9674325865192636,6.712833549087227e-09,1.6945441937915836e-10,39.614390546327975,2.0999291999315166,0.0004040450553002
1490.07,0.9915514013427756,6.915572397728222e-09,1.9510078628695307e-10,35.44615339251805,1.9443027267813489,-1.704287390198158e-06
1493.07,0.9887960412910816,7.0726519546746844e-09,2.580852948810819e-10,27.404319792545927,2.0712286204905537,0.001332156430276
1496.07,0.9720755832813311,8.265069581549567e-09,1.3502013700131556e-10,61.21360683754184,2.009975432077512,-1.704287390198158e-06
1499.07,0.9853914745472896,9.768462051848396e-09,1.5085133509021348e-10,64.75555583254581,2.025314005421704,-1.7762676803952495e-05
1502.07,1.0099093101209735,6.243861898253556e-09,2.0324115830257902e-10,30.721444172040645,2.0907483120996475,0.000444958673785
1505.07,1.0390202725558169,8.233324988425992e-09,1.8705894928526304e-10,44.01460085114802,2.0456569333746604,0.0004606838006804
1508.07,1.073262296542168,4.03611605889965e-09,1.9669697132697875e-10,20.51946215374217,2.089173598091584,0.0012299009307999
1511.07,1.101768742858591,1.0271872246681408e-08,1.9088501602686447e-10,53.81183112474256,2.088097063136311,0.0010213267016131
1514.07,1.068576927339496,4.808286624829862e-09,2.2834429759778402e-10,21.05717845995609,2.0002853904244025,-1.704287390198158e-06
1517.07,1.0420943630759605,1.031674716886216e-08,2.1777442745488222e-10,47.37354743361476,2.103850835630282,0.0015655664434894
1520.07,0.9893906090532272,7.338420634051708e-09,2.001686058396959e-10,36.66119671097999,2.1002044989725457,0.0023711841912542
1523.07,0.9533668873032304,7.286804875972933e-09,1.337138382177655e-10,54.495517988988446,2.088146975650062,-1.1137176191757744e-05
1526.07,0.9561936903849444,5.8935893466116965e-09,1.7426752437362919e-10,33.819206233605826,2.116337194446359,0.00102011946055
1529.07,0.9798445900423228,3.288970952244628e-09,1.4769152779238874e-10,22.26919174990161,2.0595615384644126,-1.704287390198158e-06
1532.07,1.0152477908366206,7.081737469596371e-09,1.807641614851597e-10,39.17666760608276,2.0976148206907737,0.0032349956430645
1535.07,1.03846502619068,7.823957828035577e-09,2.0492600827103227e-10,38.17942824362108,2.0932601042748,0.004755049589672
1538.07,1.086825099339631,6.331748090403919e-09,2.4345864844659874e-10,26.007488872562075,2.1081486097737483,0.0008202399468523
1541.07,1.0802986162045305,5.914877628767862e-09,2.0607567983899272e-10,28.702453551962883,2.1172936224415744,6.078809985854394e-05
1544.07,1.0683214922102542,2.5090239500189707e-09,2.794965528112199e-10,8.97694059115512,2.0507036466441093,-1.704287390198158e-06
1547.07,1.0337337270026328,8.65164997944713e-09,1.8552165424691688e-10,46.63417871388945,2.101357318553734,0.0025750918838491
1550.07,1.0143077439976114,9.609597404611501e-09,1.5759817871908796e-10,60.97530747319231,2.086278133929183,0.0003217341617741
1553.07,0.997264410132186,3.287533362502604e-09,2.2882603668445637e-10,14.366954959046051,2.091110998222228,0.0011464746193211
1556.07,1.0160218762252196,7.0602545404681655e-09,1.9364202461785878e-10,36.460342502621344,2.08020232482928,0.0004372728302268
1559.07,1.0311550977761823,5.5207191010667884e-09,2.3248460510984594e-10,23.74660076291211,1.970887926644589,-1.704287390198158e-06
1562.07,1.044422190951832,8.974223609249552e-09,2.0238218892438023e-10,44.34295160530532,2.0929828514473625,0.0019101943768528
1565.07,1.105214009764769,8.533457650704035e-09,1.458955655696672e-10,58.49017835041182,2.108826182610964,0.0017039148303393
1568.07,1.1512782892470732,4.785794773492641e-09,2.9442610261068524e-10,16.25465517852138,2.0380720927265736,5.244226164920642e-06
1571.07,1.1264812194450835,8.514245849201791e-09,1.947339739473612e-10,43.72244697015884,2.079092345293083,0.0002726381827246
1574.07,1.0992240618431712,7.722363292614251e-09,2.681060196424735e-10,28.80339390705299,2.010877785484021,2.7239167406941443e-05
1577.07,1.0712661533723216,1.290840986720728e-08,2.1793627419691767e-10,59.23020348390376,2.089621306815504,0.0008180520281322
1580.07,1.0181633321557302,5.906999441740133e-09,1.934470506130087e-10,30.535484635312947,2.1066857645265977,0.0032002569708465
1583.07,0.9618457203838976,3.6336230683641125e-09,2.2808429519845674e-10,15.931053320451054,2.007230983982453,-1.704287390198158e-06
1586.07,0.9627963788999828,7.083196644635812e-09,1.3512562582822155e-10,52.41934386035945,2.0350995877029496,-1.704287390198158e-06
1589.07,0.979403159555441,5.573495153825669e-09,1.7085864592027992e-10,32.620504065250394,2.0395905518508863,0.0003860855964132
1592.07,1.0028069875096797,3.33786956603e-09,2.1899852724342468e-10,15.241516041429078,2.061466272103936,0.001390415621483
1595.07,1.0349742144180316,7.452791423146855e-09,2.1382128620472635e-10,34.85523614337943,2.0783753506513696,0.0020460677991901
1598.07,1.0461786116649845,5.379413473197235e-09,2.4072956352562933e-10,22.34629346895532,2.090559378786142,0.0003860571147934
1601.07,1.0193334237136469,5.196288607533441e-09,1.8054119147979986e-10,28.78173432302199,2.075594867720347,-1.704287390198158e-06
1604.07,1.015526343506356,5.448944586871973e-09,1.6937087260734024e-10,32.17167452106417,2.078890277235397,-1.704287390198158e-06
1607.07,1.0270085981094017,4.35595353622921e-09,1.7985136723775608e-10,24.219741017986365,2.0543835174355234,-1.704287390198158e-06
1610.07,1.037676001166736,6.166308851679397e-09,1.675574999854001e-10,36.8011509614114,2.05815874207864,0.0007868150808266
1613.07,1.0554313647306577,6.849846797406682e-09,1.7867663758420627e-10,38.33655529911404,2.101148256424002,0.0004235623365624
1616.07,1.167096907669721,9.79504466705984e-09,2.46418532248221e-10,39.749626692821735,2.107511108561949,0.000368659447726
1619.07,1.1703533067337242,5.9604267531553405e-09,1.405044286988019e-10,42.421629042972405,2.0774532180170167,-1.704287390198158e-06
1622.07,1.1466604776423202,7.041722614736485e-09,1.880559493333448e-10,37.44482766803855,2.0559928623373622,0.0009999220434723
1625.07,1.1226446683493168,9.234365502338517e-09,2.104690008332653e-10,43.87518098047148,2.0642009735634868,0.0005349414352388
1628.07,1.073056537140405,5.881030148608302e-09,1.8220386523126636e-10,32.277197528952925,2.0971001728105443,0.0007144303311373
1631.07,1.0043010525857332,4.547774232855386e-09,8.59869290961874e-11,52.88913420513154,2.102290343073442,0.0002992891449691
1634.07,0.98099197731701,5.93978175177847e-09,1.0576183471138172e-10,56.16186375725998,2.1100688289699,0.0009046952082153
1637.07,0.9848057849077806,2.910730096450244e-09,1.8059754381743902e-10,16.11721862282147,2.0566576907928957,-1.704287390198158e-06
1640.07,0.990831029395392,6.878410033580213e-09,1.5277633793700307e-10,45.02274453270707,2.1043875707933517,0.0044189802689574
1643.07,1.047733265085935,6.662830749908557e-09,2.018756094029677e-10,33.00463473330626,2.0969801395936263,0.000920191795782
1646.07,1.0408202742860009,2.506321224320921e-09,1.4089412325596874e-10,17.788685336205074,2.063466987032529,-1.704287390198158e-06
1649.07,1.0483035513638392,1.0515936804775791e-08,1.5119070886960104e-10,69.55412064272795,2.090155794265957,0.0009836297804513
1652.07,1.0359370951851494,6.7646256350870224e-09,1.5901193588176635e-10,42.54162178188229,2.083566348932225,-4.395633788860446e-06
1655.07,1.0007565942594303,2.6608594935945484e-09,7.954997259066009e-11,33.44890522196054,2.1025368062254084,0.0041568070555603
1658.07,0.9644076463204888,7.2693541742803665e-09,1.5392615125100174e-10,47.22624528191116,2.0204397892371766,-1.704287390198158e-06
1661.07,0.9741602486500994,4.514066595968115e-09,2.0005372877836016e-10,22.56427122620272,2.052352026485944,-4.391194176900808e-05
1664.07,1.0027427408853846,9.818086621498562e-09,1.782543358032824e-10,55.07909009480469,2.0551814261760777,0.0004178270359687
1667.07,1.0067302313808355,7.793974941235035e-09,2.0742964588725667e-10,37.57406472877681,2.089178644433147,0.0036394307514361
1670.07,1.0419446598933948,2.5969344135227782e-09,1.0486987377176788e-10,24.76339791515894,2.080769990608088,-4.140630328154932e-05
1673.07,1.0782183592465873,6.870899069989341e-09,1.2992775130437244e-10,52.882459682484445,2.123394433634622,0.0021232284813675
1676.07,1.1180895825722823,7.957323404270079e-09,2.0327954279538754e-10,39.144732887753385,2.06951938055813,-1.704287390198158e-06
1679.07,1.1182527072258577,5.928609470637239e-09,1.945957624138788e-10,30.46628249811469,2.0736444423150964,-1.704287390198158e-06
1682.07,1.151383243492271,6.883609206092701e-09,2.38487366450468e-10,28.86362203811905,2.114624657361368,0.0021855483134917
1685.07,1.141923328335266,7.439676438295864e-09,2.2679045759726e-10,32.80418637148933,2.0887529449924496,0.0022405062588386
1688.07,1.0881724523215233,6.365256054938266e-09,1.9641003825167966e-10,32.40799763391845,2.103215372778616,0.0038796049942043
1691.07,1.0512938098794755,5.7739994991069725e-09,1.6987109606690324e-10,33.99047650126952,2.0791492493653143,-1.704287390198158e-06
1694.07,1.0594392642644668,8.689645234796335e-09,1.8568051879935348e-10,46.79890648187154,2.0825006886159114,0.0006658430754071
1697.07,1.065849569492166,9.670761914069268e-09,1.3823596346536303e-10,69.95836446347346,2.0702000665807425,1.6938616217291826e-05
1700.07,1.0537531918432477,8.78280562034303e-09,2.102978192520525e-10,41.76365523703503,2.1011340397319107,0.003674561356666
1703.07,1.0867554746859558,6.1960820255740805e-09,2.1819265309674888e-10,28.397299073249144,2.092140216619727,0.0020112914931725
1706.07,1.0915001606368222,7.186081053796028e-09,1.8801834404725167e-10,38.22010607640532,2.0763375993311204,-1.704287390198158e-06
1709.07,1.0808507756940753,5.146023725822564e-09,1.5799495254310162e-10,32.570810921435665,2.1037373929212517,-1.704287390198158e-06
1712.07,1.040072326281252,7.282217854617148e-09,1.5995800661709306e-10,45.52581023374027,2.094349670206445,0.0014896673744973
1715.07,1.0365830934319522,6.1941107682049024e-09,1.7194689949391966e-10,36.023393189616286,2.096545198047484,0.0022131367937799
1718.07,1.0345601745582895,5.239445232621002e-09,1.830173507973936e-10,28.628133943547493,2.073238559790706,-1.704287390198158e-06
1721.07,1.0417780199720763,6.2190944902771045e-09,1.6130909745944532e-10,38.55389800219201,2.085686569612239,-1.704287390198158e-06
1724.07,1.050277871172745,6.491695871323145e-09,1.8022150581724923e-10,36.02065048721736,2.0873334807334127,0.0001897631998951
1727.07,1.0642403008628014,1.0978810179566231e-08,2.2059928670486082e-10,49.76811277841867,2.1031424431573185,0.0048260898616836
1730.07,1.0548802918683202,7.843721935623393e-09,2.314245804596121e-10,33.893210133710355,2.096606090802217,0.0045852376701724
1733.07,1.0471588937149494,7.584129522007493e-09,1.7218308477482886e-10,44.04689073799311,2.099136207803566,0.0001002688095275
1736.07,1.0425854652036652,6.381970924421384e-09,1.753358539204034e-10,36.39855044889213,2.1023354578302214,0.0006370016363648
1739.07,1.0590659667292703,4.111974065309997e-09,1.3774034137037068e-10,29.853084611234483,2.106163600908676,0.001589421863719
1742.07,1.1118703437404338,8.026199228357403e-09,2.2607185961822158e-10,35.50286728260488,2.082248595288652,0.0021133301793495
1745.07,1.160205168798733,1.2661841054021182e-08,2.7243454260210726e-10,46.47663594008304,2.067763843374439,0.0018901606534622
1748.07,1.1358941636326891,7.489666480748217e-09,2.787388239173065e-10,26.8698359829852,2.106957351554827,0.0028169480835577
1751.07,1.0690547133255743,1.0207828759836566e-08,2.1914095337146004e-10,46.58110956802102,2.1042359823914274,0.0037722034372739
1754.07,1.0283932560415232,5.938128861692675e-09,1.0312157154497612e-10,57.583770036929465,2.1081544570619606,0.0016832889471335
1757.07,0.9856797809601296,5.627483503620457e-09,1.9592416805771736e-10,28.722763298720015,2.0532883828083133,-1.704287390198158e-06
1760.07,0.9840357829389428,6.8275414437715205e-09,1.2520166947130018e-10,54.53235146626051,2.060818430682493,-1.704287390198158e-06
1763.07,1.0082876878690463,9.86251646360532e-09,1.7108776070866559e-10,57.64594979064323,2.1272396311657955,0.001998828615927
1766.07,1.0390816920085495,1.0204926188666692e-08,2.396242954389724e-10,42.58719329762489,2.0859239456270244,0.0029191316168275
1769.07,1.0426087021901451,7.782703655794511e-09,1.3010168248956819e-10,59.82016148345001,2.104872142820596,-1.704287390198158e-06
1772.07,1.041902957183746,5.3110713895957164e-09,1.9315293512495796e-10,27.496715937346657,2.07306196370319,-1.704287390198158e-06
1775.07,1.0462229747526293,5.216078463718086e-09,1.719577329252754e-10,30.333491695803783,2.102237338016679,-1.704287390198158e-06
1778.07,1.032356082171929,8.903922762393527e-09,1.5539585895571223e-10,57.298327138377225,2.1074404008898124,0.0008601360932018
1781.07,1.0776248091552618,7.409211174670752e-09,2.1942435788005907e-10,33.76658474133828,2.1115401028660234,0.0024554203133459
1784.07,1.0592055647457606,1.0894155788623386e-08,1.8489568963315086e-10,58.92055033969876,2.09444014832357,0.0003249015197924
1787.07,1.0382417383983118,5.657887136205947e-09,1.53367459419009e-10,36.89105340623961,2.029190117839641,0.0008512206969748
1790.07,1.021741251000071,3.979563693069084e-09,2.0442183668224358e-10,19.467409928690635,2.0824295872599423,0.0008043686757925
1793.07,1.0080741708475542,6.9502644150406905e-09,1.2683134204794019e-10,54.79926572418986,2.100544188499039,0.0018043986193766
1796.07,0.983271884970077,4.736904913996275e-09,1.2673951443834732e-10,37.37512278619744,2.1080228713862703,0.0018828940157834
1799.07,1.0083996453116209,7.3852220067181244e-09,1.7653399105813277e-10,41.83456093895347,2.088821074211636,0.0005997895923224
1802.07,1.0348452129299437,7.867269199799836e-09,1.8024906797852787e-10,43.64665675129606,2.0411390868861496,9.831450930462803e-05
1805.07,1.0475690497184404,5.025068609482542e-09,2.099339606728736e-10,23.936425499601658,2.0426623889833504,-1.704287390198158e-06
1808.07,1.0536863662768243,9.677005229176087e-09,2.5464917677714925e-10,38.00132147155815,2.0995824079939154,0.0040059310890758
1811.07,1.0545673882047806,5.394805204643521e-09,1.5160370201419688e-10,35.584917340200086,2.0848692691938475,0.0018863992617944
1814.07,1.0729302954456432,5.4885091130336444e-09,2.9577071281011117e-10,18.556634836787715,2.089285412158856,-1.704287390198158e-06
1817.07,1.0638218766242458,1.2576252091386418e-08,1.850748181228586e-10,67.9522596263631,2.044336369046793,-1.704287390198158e-06
1820.07,1.0665386069297904,6.571539634956206e-09,2.3324905864482566e-10,28.173917070177147,2.062817855937189,-1.704287390198158e-06
1823.07,1.074503859866979,1.0046680510858357e-08,2.4343367434452046e-10,41.27070972374904,2.0657884162573343,-1.704287390198158e-06
1826.07,1.0562057512188614,5.445142619011453e-09,2.0088711652356067e-10,27.105484479253956,2.0913488596102296,0.0019167852826587
1829.07,1.0336145856635726,7.680515958959436e-09,1.9751225326877758e-10,38.886275822633024,2.099608398755815,0.0042255527304039
1832.07,1.0307166212864871,7.622717886165931e-09,1.4673956826835764e-10,51.94725578192711,2.0859701263039563,-1.704287390198158e-06
1835.07,1.0097964759322162,6.702326305281271e-09,2.196645595238549e-10,30.511641567530237,2.0832356359172275,0.0005171522427842
1838.07,1.003621232051744,8.903136452364031e-09,1.85451440763302e-10,48.00791202117112,2.0977462402570706,0.002159382921849
1841.07,1.0273248126401244,6.1731942499490796e-09,1.6929456645509774e-10,36.46421960970853,2.0802948551190927,-1.704287390198158e-06
1844.07,1.0361887423514828,6.107934852447319e-09,2.05073889672112e-10,29.7840688651937,2.106848200245215,0.0027993306598339
1847.07,1.0233753958963232,5.6567004499304964e-09,1.7098828646107758e-10,33.08238574119018,2.0337030785479784,-1.704287390198158e-06
1850.07,1.026731551159885,3.0077984949118332e-09,1.6041881774816846e-10,18.74966127498576,2.1061816908725337,0.0045729104118761
1853.07,1.0724564462228503,3.9343461515006224e-09,2.0786414292518988e-10,18.92748838801211,2.0959060346305467,0.0004169717956887
1856.07,1.0249750978714265,7.647557458496818e-09,2.1669823316135243e-10,35.29127739958306,2.078952567601997,0.0015312367639204
1859.07,0.9766711810754036,7.399345674972145e-09,1.915358668360096e-10,38.63164532681163,2.095024313170794,0.0039032041599447
1862.07,0.9597051339069896,8.547351408720935e-09,1.692392230757438e-10,50.504553574413,2.052547346253378,0.0005576725695317
1865.07,0.9438568400536592,2.9309328296764813e-09,2.374796481092934e-10,12.34182740715365,2.1062451963741577,0.0044967516570847
1868.07,0.917765779171902,4.630159181231746e-09,1.144949053575217e-10,40.439870811488206,2.106830067246509,0.0003678504848797
1871.07,0.9705667959576244,5.014897119505622e-09,1.2745128099271163e-10,39.34756151876105,2.0935335143541414,0.0025431985596838
1874.07,0.998956788910924,8.88877541164753e-09,1.9903430727819092e-10,44.65951389588157,2.088472858241849,0.0019315580226645
1877.07,1.0238464314237758,1.0533212440634724e-08,1.763447241203283e-10,59.730805631856704,2.0362607049336368,-1.704287390198158e-06
1880.07,1.0460442859495258,5.723359414848388e-09,2.9831310259394863e-10,19.18574600003,2.0998603756156147,0.0036194665045363
1883.07,1.0259041030023377,8.083718966822702e-09,1.38484151293113e-10,58.37288159937415,2.089039800993252,-1.704287390198158e-06
1886.07,0.9951532470790811,6.595254152438831e-09,1.4694630412949262e-10,44.88206894014112,2.078176642002999,0.0012563969079648
1889.07,0.9806541867323336,7.579035659682273e-09,1.7532161953266774e-10,43.22932722093676,1.9417297691345687,-1.704287390198158e-06
1892.07,0.9762931546336576,6.325405086606593e-09,2.0766690403730286e-10,30.45937972605577,1.964421135305752,-1.704287390198158e-06
1895.07,0.9702863098867256,6.908242587599611e-09,1.4325661270560627e-10,48.22285308250388,2.100703806957554,0.002294681259913
1898.07,0.981684987798333,6.250955662683624e-09,1.924154118343724e-10,32.48677225535515,2.052471504992045,-1.704287390198158e-06
1901.07,0.9676241936684892,8.680721239150289e-09,1.8967862941259936e-10,45.76541525016773,2.092743314844529,0.0023257215690497
1904.07,0.9632963677239902,8.248787227971197e-09,1.8685566475598388e-10,44.14523497986184,2.0691895785280185,0.0029693275219529
1907.07,0.9588359416793892,3.610895033965093e-09,2.1755444709544848e-10,16.597661331100586,1.9537572724919032,-1.704287390198158e-06
1910.07,0.9517964915570712,6.417283929921e-09,1.32380591348521e-10,48.47601800649228,2.099242973195717,0.0020603518149426
1913.07,0.9454642484163686,6.479163623093044e-09,2.1672396747444267e-10,29.895925672628263,2.0169280122468924,-1.704287390198158e-06
1916.07,0.9335182665343568,7.682125263194578e-09,2.7596843468891504e-10,27.836970818254056,2.1051957550935168,0.0027849019406804
1919.07,0.9612811920293513,7.553190587241026e-09,2.2115587724383644e-10,34.153243772550624,2.093857432478656,0.0020037804902178
1922.07,0.937662894258175,8.323207091352397e-09,2.3235172842001243e-10,35.82158457761452,2.1015896353179664,0.0031631464580011
1925.07,0.909714220102104,7.79976870100107e-09,1.5902135470224408e-10,49.0485615319123,2.0962788970330144,0.0031833770188874
1928.07,0.8969210029531517,6.1690553291430494e-09,1.5539129554031088e-10,39.700134474666896,2.0864663255775278,0.0009003790298585
1931.07,0.9050661571277568,5.482710932060067e-09,2.3981563603273944e-10,22.862191234734883,2.1029300720711097,0.0032013139872659
1934.07,0.8946540835584657,5.293039761492148e-09,1.5583766786881298e-10,33.96508580934313,2.105659884235994,0.0004226995986421
1937.07,0.91933687570169,5.7528085912394365e-09,2.0925142267105263e-10,27.49232725783167,2.0987164243151817,0.0030902141531916
1940.07,0.9571291235420882,8.589814999425521e-09,1.6076757104715238e-10,53.43002288008797,2.0926488809676944,0.002927523144079
1943.07,0.9817016922743842,6.997049020604433e-09,1.7432894947417437e-10,40.13704575005769,2.0815274818805856,0.0008841217815006
1946.07,1.0044866686750942,7.458706921291957e-09,1.8140748862663928e-10,41.11576086389116,2.077427348796047,0.0005047795474998
1949.07,0.9940899029603704,2.7165186497346843e-09,1.7681242966520772e-10,15.363844356861,2.085927419899836,0.0008942933671121
1952.07,1.0179456052423428,5.443987640317679e-09,1.4289883086979375e-10,38.09679622416309,2.0874893535504526,-1.704287390198158e-06
1955.07,1.0293033406326464,5.593881620738684e-09,2.0179707913515712e-10,27.72032997064385,2.095960152532575,0.0032367834383445
1958.07,1.0370935083764898,5.2572928180306284e-09,1.848059165606187e-10,28.447643429782563,2.045660782842853,-1.704287390198158e-06
1961.07,1.0413465055813316,8.761033932088497e-09,1.970456676973715e-10,44.46194648412138,2.095679156843176,0.0004753569110431
1964.07,1.0517062107517698,5.517572476291209e-09,1.947240145689702e-10,28.33534676503352,2.0944913213556533,0.0019066181954773
1967.07,1.067852611555705,6.066721092874317e-09,1.3434520056443272e-10,45.157706173244975,2.103665666854714,0.0018667032891367
1970.07,1.1211612232953378,5.283722074170038e-09,2.1652343587128135e-10,24.40254124413165,2.039654323950592,-1.704287390198158e-06
1973.07,1.1122048007405336,5.455350842927002e-09,1.962754011082096e-10,27.79436858681738,2.092124974523981,-1.704287390198158e-06
1976.07,1.0963702294581767,8.434736479430448e-09,2.333345777226948e-10,36.14867784171562,2.017179817131545,-1.704287390198158e-06
1979.07,1.0982880557530463,1.0022601417481614e-08,2.371655742911424e-10,42.25993358200443,2.096203732593573,0.0021229488202772
1982.07,1.059779568873107,6.255720018055627e-09,1.8460511999944072e-10,33.88703421700644,2.115713967413051,0.0016471709453646
1985.07,0.999056736938328,6.081992142141093e-09,1.3746295086688292e-10,44.24459175207728,2.01796010580686,-1.704287390198158e-06
1988.07,1.0030383901734474,3.814367205874669e-09,1.459336355326537e-10,26.137683694045823,2.079136690445967,-1.704287390198158e-06
1991.07,1.0164611639108676,5.872297471612951e-09,2.0708648526843591e-10,28.35673928214573,1.9694127909193295,-1.704287390198158e-06
1994.07,1.0169298574597052,8.010583493087868e-09,1.3016670422906194e-10,61.54095657973469,1.8874778131029224,-1.704287390198158e-06
1997.07,1.0222710155818182,9.59927881799648e-09,2.1712948859300068e-10,44.2099268975385,1.8745924533081848,-1.704287390198158e-06
2000.07,1.023118714959889,7.513555578877765e-09,1.4317182969174418e-10,52.47928726659994,2.0962675700520683,-1.704287390198158e-06
2003.07,1.0055763394573525,5.016610670621503e-09,1.9213891314944332e-10,26.10929034827861,2.079665599329282,0.0018103038367036
2006.07,1.0064314386979596,7.239762940593883e-09,1.8377479638017048e-10,39.39475424920161,2.035205108169305,-1.704287390198158e-06
2009.07,1.0033522159735773,5.158020278170056e-09,1.422556777007687e-10,36.25880078417556,2.093904442519238,0.0040882909226488
2012.07,1.0266841561082558,8.104112140739802e-09,1.8916087829705963e-10,42.842432397744766,2.0756254670089667,0.0003048285503521
2015.07,1.0540165936731345,7.3615956239675195e-09,1.6452827814880284e-10,44.743649582897454,2.1058518967196638,0.0004230061333152
2018.07,1.0883376521213426,6.489636450949295e-09,1.9823685833237395e-10,32.73678016057157,2.110912654421965,0.0020240453518877
2021.07,1.1009011409964768,8.349998844278206e-09,1.9339300444692526e-10,43.17632309481896,2.0672778412588406,0.0001695704970068
2024.07,1.1200987029875895,1.0812827752458718e-08,1.9402285551393467e-10,55.72965990948496,2.111928836060378,0.0045485699209564
2027.07,1.078007571569639,1.1045403162829028e-08,1.9583231782266167e-10,56.40235118307351,2.107703078229404,0.0009516397932766
2030.07,1.040547888277834,6.299111877830877e-09,1.7456885354366164e-10,36.08382451944899,2.0714437936452925,7.87798750793731e-05
2033.07,1.0209143777025644,8.561447668520366e-09,1.5390409383321178e-10,55.6284596158861,2.0793749757189213,0.0011929911914528
2036.07,1.0061525148227428,5.535515274072451e-09,1.7800170493860746e-10,31.09810254897077,2.0891209702728477,-1.704287390198158e-06
2039.07,1.0110774430742395,9.155262710095352e-09,1.8439611610250374e-10,49.64997584334175,2.0887191560049536,0.0005440171032646
2042.07,1.024988639568066,5.836899839678314e-09,1.8831151808565727e-10,30.995978891866205,2.113474172771212,0.0040889126408659
2045.07,1.0182125496699317,6.989419547299411e-09,2.2335559317961723e-10,31.2927894385823,2.1104604753391736,0.0030460931588512
2048.07,1.0203938724424335,5.571357775588995e-09,1.5578397679125386e-10,35.763355707977965,2.085134839024893,0.0009210265900472
2051.07,1.0288040194667054,5.4107465496164255e-09,1.5821628585512243e-10,34.19841718804478,2.0820980631568577,0.0004337032320218
2054.07,1.032670793953142,7.527840888752152e-09,1.8866487023036688e-10,39.90059664822802,2.093793040333501,-1.704287390198158e-06
2057.07,1.0504157041876152,5.437975847368442e-09,2.375909800039791e-10,22.887972629589598,2.0972271313716506,0.0019339860987487
2060.07,1.0994280597117925,5.925025660853863e-09,2.1629424029876598e-10,27.393358476257436,2.113104680498848,0.0022253566707716
2063.07,1.1571603823230296,5.341972737186376e-09,1.84640691739534e-10,28.931719692223133,2.0562812466232865,0.0007056513222725
2066.07,1.1649894899080284,7.1564555631669304e-09,2.0247893848785383e-10,35.34419736004407,2.0433170409547485,-1.704287390198158e-06
2069.07,1.1530066323376806,1.0673182380059062e-08,2.004586783022233e-10,53.24380301444242,2.063223644582981,-5.208891924627767e-05
2072.07,1.1492127376091248,3.664028426382791e-09,1.6405081139955424e-10,22.334716879021467,2.105734577038986,0.0040044027013414
2075.07,1.171982975839185,8.210096495979646e-09,1.97196615417224e-10,41.634063944804105,2.0899650804520142,0.0013931494755588
2078.07,1.0909865928327056,6.727529332249857e-09,1.9691282936922038e-10,34.165012781546295,2.0865041712482157,0.000304905487693
2081.07,1.0882711913025176,6.796853093287661e-09,1.8909811425935998e-10,35.943526565079054,2.073100953512073,-1.704287390198158e-06
2084.07,1.091317752519185,1.1321572530237251e-08,2.0794513959046637e-10,54.44499713979517,2.047111769480995,5.108389094966649e-06
2087.07,1.086315066096051,6.848301429965374e-09,1.3796414038023073e-10,49.638271300726245,2.1038792195564318,0.00366451461258
2090.07,1.01836750972945,7.036752979326273e-09,1.394648553106097e-10,50.45538507643622,2.078628274337921,0.0008680349989694
2093.07,1.0390393111859888,8.322561230345243e-09,1.4161305537807223e-10,58.7697314214854,2.072399072962577,0.0005929403578099
2096.07,1.0217962679547188,7.549942158810342e-09,1.7310221348337848e-10,43.61551482722836,2.0977597039934954,-1.704287390198158e-06
2099.07,1.027183898898496,7.249220926287546e-09,1.4499229379527634e-10,49.99728424548668,2.088270528252027,0.0001603030507411
2102.07,1.003194864706835,4.408003438511244e-09,1.8781463579643828e-10,23.469967714810203,2.014560723510752,-1.704287390198158e-06
2105.07,1.015194901283338,7.039546191469431e-09,1.7152524890770734e-10,41.0408743686313,2.089993896283745,0.0014626598558335
2108.07,1.028381330996882,6.997965638550348e-09,1.0361865833389448e-10,67.53576769929339,2.103245174313359,0.0015719369810889
2111.07,1.0883834620240562,9.552245859513814e-09,1.807905038850925e-10,52.83599334169158,2.083047831801508,0.0007726535901762
2114.07,1.0655677062120166,4.8653464933431975e-09,1.8929790594240675e-10,25.702061885584,2.087155973865389,0.0013990077837615
2117.07,1.093612213831224,6.299195815986245e-09,1.9668724762062319e-10,32.02645769966918,2.0823935543476697,-1.704287390198158e-06
2120.07,1.1171363380131856,7.555274366077873e-09,2.3163026400769638e-10,32.61782046678854,2.0949263949416506,0.0013543252653589
2123.07,1.0919811578369558,6.768188292462249e-09,1.7461627041617128e-10,38.76035306636262,2.1093790014437364,0.0015236455005368
2126.07,1.046738895206026,6.719884928435561e-09,1.778208940095252e-10,37.79018751348534,2.076146132065846,0.0008149809286509
2129.07,1.0636441112695103,5.449082200893599e-09,1.1923471835197924e-10,45.70046607405055,2.083073634670227,-1.704287390198158e-06
2132.07,1.0603106428451994,7.480507840396457e-09,1.8128434048203406e-10,41.26394933233519,2.091882241057742,-1.704287390198158e-06
2135.07,1.0629214151724735,8.626309900900888e-09,1.9654396133660218e-10,43.88997678808063,2.078971292108297,0.0039045425795285
2138.07,1.033952093214784,1.0266145314473602e-08,1.8321512602036894e-10,56.033284682686414,2.1120024476123413,0.000594077049331
2141.07,0.9762467876919292,8.358292877572604e-09,1.7582179152783238e-10,47.53843539496352,2.0870797131416645,0.0016540370218904
2144.07,0.9455034450469694,4.899132936120357e-09,1.6184014087980428e-10,30.271432720506915,2.0651240841210488,-1.704287390198158e-06
2147.07,0.9511694332409648,6.519998201126837e-09,1.5772104006241724e-10,41.338797908932015,2.0610600443879497,-1.704287390198158e-06
2150.07,0.947126813889775,5.2504486896013295e-09,1.3944463300218452e-10,37.65256917072654,2.072622462526962,2.58228030140688e-05
2153.07,0.97452132789287,1.0490198461914668e-08,1.9258492476968558e-10,54.47050683982669,2.085516903717932,0.0017594507850919
2156.07,0.9883795256739304,5.557638655839697e-09,1.8682004285652e-10,29.748621030496334,2.065888173363631,0.0009757702753297
2159.07,0.9855596840703396,6.680620553088751e-09,1.8912437638251895e-10,35.32395284453797,2.0953901318026253,0.0009322711324002
2162.07,0.9835663012628384,6.737623392881276e-09,1.6666031089890343e-10,40.427282035783165,2.059442854451314,-1.704287390198158e-06
2165.07,0.968621670589404,5.95465476630335e-09,1.498555703479065e-10,39.73595878003701,2.092021378905293,0.0038381408631798
2168.07,0.9921199368975608,9.406228815796086e-09,1.6939104651954138e-10,55.52966941916236,2.0869282474611053,0.0013542106411869
2171.07,1.0296981332655015,7.746043644831726e-09,2.0026585368461402e-10,38.67880371174248,2.051901234317913,-1.704287390198158e-06
2174.07,1.0401980788552934,1.1168187411882749e-08,2.5916570754330435e-10,43.09284402534868,2.1067174195546188,0.0040316875335416
2177.07,1.0324388626827397,7.690334252281056e-09,1.7946284003619963e-10,42.85195893885236,2.084398180411739,0.0041188763291802
2180.07,0.9628658969819086,9.289888589166745e-09,1.74411175701567e-10,53.26429657846335,2.081976989930305,0.0019997466960366
2183.07,0.9171947894302732,4.059422414059275e-09,1.8343831809177852e-10,22.129631672856103,2.0650300244670667,0.0006678815211563
2186.07,0.910383157539154,1.0271981176140369e-08,1.5225911715709375e-10,67.46381673513989,2.056407819426369,-1.704287390198158e-06
2189.07,0.9161428323300562,8.369117484632114e-09,1.5255550107308699e-10,54.85949327138717,2.083966808316936,0.0024038619942124
2192.07,0.9029032163012164,4.66138437932776e-09,1.2469629730510238e-10,37.38189890211779,2.09459724944138,0.0049949991595977
2195.07,0.9623849145782608,8.169413737184908e-09,2.4379042328824746e-10,33.50998627015688,2.102834695191645,0.0016082462494647
2198.07,0.9814222703503992,6.5472431022249185e-09,1.8470070928090307e-10,35.44785035052306,1.8438073037569835,-1.704287390198158e-06
2201.07,0.9674082134840112,9.393815069518998e-09,1.6651896695229336e-10,56.41288341772062,2.090133913573172,0.001205644499517
2204.07,0.9478093264860664,5.891934716295157e-09,1.5629914255209878e-10,37.69652616188353,2.0540411450691254,-1.704287390198158e-06
2207.07,0.9494106294767376,3.699702995292048e-09,1.7126100981928323e-10,21.602716223593568,2.0924521707116406,0.0001103281323872
2210.07,0.9540075730100792,4.382270991796608e-09,1.7827401259611286e-10,24.58165903139693,2.0782154181009025,0.0016354960840683
2213.07,0.9682969450613094,9.631903081536332e-09,1.5862391253625328e-10,60.72163350109633,2.0374546896997763,0.0041585591307337
2216.07,0.9893411975147532,8.056808929798185e-09,1.7281373690126134e-10,46.62134546862738,2.1031930651778,0.0011405328878055
2219.07,1.029435532671915,6.815279891080435e-09,1.828394369979244e-10,37.27467117040949,2.050883363291296,0.0006188505578385
2222.07,1.0452123276565364,7.79191607798899e-08,1.8462731919937634e-09,42.2034838169026,1.5149780737240042,0.0136997323000179
