Time(s),Mean RR Interval (s),LF Power,HF Power,LF_div_HF
482.92,0.9050721803950571,8.159899600580397e-09,1.527654626049353e-10,53.41455759331285
485.92,0.8975297201542162,6.787392486898186e-09,1.8647317600182758e-10,36.39876057472022
488.92,0.9029946501638516,8.603972073898425e-09,1.742292605825898e-10,49.383048777962806
491.92,0.8658508952616523,6.2881203409200145e-09,1.7216299981151333e-10,36.524226156632636
494.92,0.8650406223513619,7.389206809226321e-09,1.5680400548803333e-10,47.12383963807759
497.92,0.8484598541488128,5.7348875981489504e-09,1.7061281608419067e-10,33.613463101851686
500.92,0.8429559496032454,1.1063682887453886e-08,1.3720445764230382e-10,80.63646821371681
503.92,0.8284081187633078,4.813807792321482e-09,1.6870981699252924e-10,28.533062735375058
506.92,0.8437151610440564,9.149190775843012e-09,1.9545633779535405e-10,46.809384024284554
509.92,0.8621914567563806,6.609051890684497e-09,1.7723385797435464e-10,37.29000748627168
512.9200000000001,0.9273081998986893,8.756320207079062e-09,1.177088546190764e-10,74.38964753684704
515.9200000000001,0.9257859011137137,9.551286604515598e-09,1.946717713384778e-10,49.06354187278996
518.9200000000001,0.9525888021014551,4.583681607960314e-09,1.4341094583612377e-10,31.96186721478083
521.9200000000001,0.9734660226849258,5.8595931630789e-09,2.0624025431586725e-10,28.411491163624348
524.9200000000001,0.9608078153837303,4.795010754645101e-09,1.7209515423153156e-10,27.862555317473028
527.9200000000001,0.9200375523055045,6.297330732450038e-09,1.643975228196895e-10,38.30550865025456
530.9200000000001,0.942782504748808,1.1207679420139471e-08,1.515989946630339e-10,73.92977404006734
533.9200000000001,0.9525007941529114,6.744657033380392e-09,1.3499360492777987e-10,49.96278925204428
536.9200000000001,0.9321006819169687,7.18557385320593e-09,2.0479746299212275e-10,35.08624446916275
539.9200000000001,0.9240790161478657,6.1598813448069374e-09,1.6587966933866773e-10,37.13463723050131
542.9200000000001,0.9288259638510201,4.231604164176488e-09,1.8794741855484885e-10,22.51482992803956
545.9200000000001,0.9064372748985964,8.24746868967033e-09,1.592622397948603e-10,51.785462142775245
548.9200000000001,0.895855369089384,9.124185467073034e-09,2.1831793270047794e-10,41.79311041567526
551.9200000000001,0.9204766889405311,6.016099826087769e-09,1.8987893953279193e-10,31.68387100165363
554.9200000000001,0.9240239959698743,6.768036691042487e-09,1.5172254602958652e-10,44.607982585018654
557.9200000000001,0.9138211930399166,5.946798992391653e-09,1.51092845843938e-10,39.35857425396588
560.9200000000001,0.929616567001046,9.09732414214975e-09,1.7614445192679827e-10,51.646952501974894
563.9200000000001,0.9393177289368083,9.078223357385042e-09,1.9312611456942214e-10,47.00671049912173
566.9200000000001,0.9100723719520222,7.980300021792138e-09,1.6420430474133975e-10,48.599822241950235
569.9200000000001,0.9011700602278,8.332259281752213e-09,1.5082394598583328e-10,55.24493625524725
572.9200000000001,0.9085972335947178,8.591392919155296e-09,1.6267774950158572e-10,52.81234185669351
575.9200000000001,0.9062548179559976,9.403678741244906e-09,1.8383536705486224e-10,51.15271828210593
578.9200000000001,0.905571360300073,6.860259600043647e-09,1.596903376909945e-10,42.959766378091395
581.9200000000001,0.9102412919728436,5.5551708779701775e-09,1.6273972921984446e-10,34.135308597359895
584.9200000000001,0.9229734749320541,6.231193820400152e-09,1.7310818199566225e-10,35.99595206052302
587.9200000000001,0.9266112147938018,7.004848702846859e-09,1.7069217357088443e-10,41.03790206841505
590.9200000000001,0.929339444636157,6.3956806602443115e-09,1.662013976606666e-10,38.4815094834664
593.9200000000001,0.918812210663663,8.992144730289382e-09,1.7867027603537432e-10,50.32815155280254
596.9200000000001,0.9089513202187732,6.969515701602233e-09,1.7410116620624287e-10,40.0314130770729
599.9200000000001,0.8901515928338103,5.480057434484479e-09,2.0054935572798446e-10,27.32523081209678
602.9200000000001,0.9022739428112635,6.037385212531092e-09,1.5618325554675545e-10,38.655777736197365
605.9200000000001,0.8946769996105045,6.078681238019958e-09,1.6197221806307085e-10,37.529159696096535
608.9200000000001,0.8848676140424226,6.545814104881919e-09,1.4568546810054482e-10,44.9311395997597
611.9200000000001,0.8784571950149692,8.034569619060126e-09,1.6321521212912401e-10,49.22684297774743
614.9200000000001,0.8864676379361199,3.4973368141166466e-09,2.2179437914352046e-10,15.768374417881718
617.9200000000001,0.8606508639228488,7.755114377382247e-09,1.4541409698730334e-10,53.33124186755687
620.9200000000001,0.8498224887516873,6.074072772129174e-09,1.8181199285227006e-10,33.408537450357386
623.9200000000001,0.8576775759281379,5.8180960168985335e-09,1.9254688138663616e-10,30.21651649197961
626.9200000000001,0.8575574428245846,7.0283237514011645e-09,1.5657803201511067e-10,44.887035945903904
629.9200000000001,0.8591774861068185,5.398966916126637e-09,1.6272604705813698e-10,33.17825888192167
632.9200000000001,0.8779619993662345,4.646821813099795e-09,1.7860375766904358e-10,26.017491869966427
635.9200000000001,0.9041934741865258,4.971776882647946e-09,1.2121938356401138e-10,41.01470191046251
638.9200000000001,0.9216463986942655,3.729199234901476e-09,2.077567188248094e-10,17.949836982389577
641.9200000000001,0.9370838116020908,4.7491562491204235e-09,2.4011282607108426e-10,19.778852828605075
644.9200000000001,0.9594726968648026,7.459872750841645e-09,1.9010295264781078e-10,39.24122506746111
647.9200000000001,0.963523328837983,7.4470622675502344e-09,2.5107484956594213e-10,29.660725797206315
650.9200000000001,0.9678520106855525,5.466491617378111e-09,7.459647467818342e-11,73.28083050789058
653.9200000000001,0.9681377639249288,5.526655944423277e-09,1.8882333135289956e-10,29.26892511018295
656.9200000000001,0.9742538354468572,8.835927931103232e-09,1.9082959516025302e-10,46.30271276152467
659.9200000000001,0.9664666381646825,5.754020236210887e-09,1.5259020541927037e-10,37.70897496599229
662.9200000000001,0.9628355424640836,9.21605596591086e-09,1.5714671617057194e-10,58.64618867318529
665.9200000000001,0.961952798286069,7.066591250914603e-09,1.5111617140159038e-10,46.762640856848975
668.9200000000001,0.972306198294647,8.728701906254788e-09,1.634378575452931e-10,53.40685467463269
671.9200000000001,0.9851517798852321,9.778573204734276e-09,1.8127189695111023e-10,53.9442316718934
674.9200000000001,0.9908891618349437,5.40490355801335e-09,1.4752433714164296e-10,36.637368875780304
677.9200000000001,0.9948012752302727,1.08114000189441e-08,1.1407716832781941e-10,94.77268920171453
680.9200000000001,1.0048709583988253,4.200904921183485e-09,1.409335761722799e-10,29.807694058995697
683.9200000000001,0.9961841443527536,4.078706324478572e-09,1.9345537080162877e-10,21.08344838180234
686.9200000000001,0.9915740719985825,8.689302650934247e-09,1.9156999003768865e-10,45.35837084516604
689.9200000000001,0.9988314743309649,1.4134032575411016e-08,1.802501625736697e-10,78.41342484023737
692.9200000000001,0.9983381205535672,9.063895845169287e-09,9.413138747646469e-11,96.28983581523748
695.9200000000001,0.9897750170417333,1.3890907989783265e-09,1.218625296748315e-10,11.398834429950439
698.9200000000001,0.9989181998090171,3.804198668256953e-09,2.010482447419547e-10,18.92181985045251
701.9200000000001,0.98806989701362,9.894350009516946e-09,1.9001487164168523e-10,52.07145063979474
704.9200000000001,0.9536703218663577,6.018654284776875e-09,1.9099448723460185e-10,31.51218850303285
707.9200000000001,0.9294422228555191,4.393571693463966e-09,1.6148831804005457e-10,27.20674626367841
710.9200000000001,0.8961349842343554,4.365159221127801e-09,1.5365643529546696e-10,28.408567547034448
713.9200000000001,0.8664160100676913,5.3810643266370746e-09,1.7351547435581507e-10,31.012014038601148
716.9200000000001,0.8795578247633432,5.864076609607581e-09,1.6803724490227254e-10,34.89748128766348
719.9200000000001,0.9151760903720474,6.737187617267364e-09,1.401495463690638e-10,48.071419364611735
722.9200000000001,0.9414295834172973,6.118929638791759e-09,1.711116109482092e-10,35.75987394942936
725.9200000000001,0.979256564435332,7.90740881194833e-09,2.3882184024143813e-10,33.110074036588514
728.9200000000001,1.0143821485069446,7.915394693300453e-09,1.4292143547991896e-10,55.38283789776655
731.9200000000001,1.0121819453381216,5.047033979016301e-09,1.6943277510484624e-10,29.78782573733541
734.9200000000001,1.0017266614463238,6.881512600426776e-09,1.4443620221402969e-10,47.64395972021996
737.9200000000001,1.0044269463693665,4.753175095793736e-09,1.0677687833443097e-10,44.515022071599944
740.9200000000001,1.0086320425992563,5.579560994499945e-09,2.1398138466079116e-10,26.074983126895873
743.9200000000001,0.9981776548433888,6.682054013307118e-09,2.0552567218234545e-10,32.51201634498828
746.9200000000001,0.9917186816122264,4.630516519673429e-09,1.206276733091944e-10,38.38685098239796
749.9200000000001,0.9763971946414262,9.237704247173567e-09,1.5554022727465213e-10,59.39109392492835
752.9200000000001,0.9551992004901969,5.838116960204443e-09,9.78363095863068e-11,59.67229329162624
755.9200000000001,0.9565615035146079,7.676565611728131e-09,1.7976226013219959e-10,42.70398918039126
758.9200000000001,0.9671260257634563,7.752595229984124e-09,2.258745440920892e-10,34.32257167865444
761.9200000000001,0.9755163012663649,8.896059584196325e-09,1.3741854173390329e-10,64.73696687469308
764.9200000000001,0.9977654556622279,7.782989365076138e-09,2.1242724551518245e-10,36.638376335392806
767.9200000000001,1.0213423399351187,1.119370783587677e-08,1.878234035442692e-10,59.5969811250836
770.9200000000001,1.0249639470258167,9.271563079734846e-09,1.7987628287764645e-10,51.544110937857496
773.9200000000001,1.022083277259202,9.350075259702376e-09,2.212902671824753e-10,42.25253726135335
776.9200000000001,1.0206128962332095,8.256935753496687e-09,1.7344486591260964e-10,47.60553568450364
779.9200000000001,1.0204544497472694,9.376509201798801e-09,1.5536680126147697e-10,60.35079003794678
782.9200000000001,1.0165065371308926,6.604744274452982e-09,2.109784759628758e-10,31.305299008867458
785.9200000000001,1.0029367482281564,1.0424850712410152e-08,1.1129508487330048e-10,93.66856338964038
788.9200000000001,0.9897133875428162,7.586162449599887e-09,2.033795830861201e-10,37.30051136149474
791.9200000000001,0.9727270375518183,5.575127779016766e-09,1.7227034375920083e-10,32.362667057829
794.9200000000001,0.9446354863138481,5.96834653310175e-09,1.4918454014720127e-10,40.00646801077878
797.9200000000001,0.9263828630849331,3.766268982821476e-09,2.1454877087421819e-10,17.554372217911688
800.9200000000001,0.9156920427361971,7.72273701795233e-09,1.6433121181441582e-10,46.99494960624917
803.9200000000001,0.9070684180392131,6.3577709260414294e-09,1.7411460425448114e-10,36.51486303095567
806.9200000000001,0.8973136703687182,4.768145703487977e-09,1.6100649133232456e-10,29.614617796038498
809.9200000000001,0.8983561751735841,3.835891059117439e-09,1.6009166994749513e-10,23.960591206122633
812.9200000000001,0.8893768058028432,2.9293168919945152e-09,2.2890783466623594e-10,12.796927183666167
815.9200000000001,0.8741863094698575,6.02022865887198e-09,1.606390937840285e-10,37.47673444277447
818.9200000000001,0.8871250426411343,3.820027933002e-09,1.6034743623198145e-10,23.82344253683859
821.9200000000001,0.9024670944191122,6.980971048844997e-09,1.6343700655356172e-10,42.713527346434766
824.9200000000001,0.9054122889549707,4.891035255009247e-09,1.7933566146093763e-10,27.273076727545337
827.9200000000001,0.9145944883964717,7.130935472570339e-09,1.7017213974939125e-10,41.90424756409545
830.9200000000001,0.9395246343810889,4.882864514241339e-09,2.0492209139534105e-10,23.82790689375305
833.9200000000001,0.9375582476731864,6.238598887465526e-09,1.442158484965914e-10,43.25876075688712
836.9200000000001,0.9246658441370128,6.650484874144998e-09,1.7114605282755413e-10,38.858534942935506
839.9200000000001,0.9211421160187312,5.851428182295887e-09,1.7666877700641906e-10,33.120895958221766
842.9200000000001,0.9205946232386939,6.5690358090685215e-09,1.802789918556407e-10,36.43816587530459
845.9200000000001,0.907869628027692,8.188789838639134e-09,1.6265749702464482e-10,50.343759054637495
848.9200000000001,0.890665907374918,8.604812209381508e-09,1.424225511760861e-10,60.41748401728059
851.9200000000001,0.8742583703149475,3.987148708566411e-09,2.0857457738360996e-10,19.11617781314381
854.9200000000001,0.8637320856478987,5.7037983215309004e-09,1.5569778554019125e-10,36.63377935493208
857.9200000000001,0.8590448359455313,6.317242339557715e-09,1.6080587012029118e-10,39.284898833805556
860.9200000000001,0.8590751064751107,5.118353275640252e-09,1.5463627966628874e-10,33.099304294476454
863.9200000000001,0.8695381752877189,9.426387907047642e-09,1.2721837643695808e-10,74.0961185880155
866.9200000000001,0.893537635533785,4.310465601212838e-09,1.6556465133672442e-10,26.034939018753693
869.9200000000001,0.905811589494483,7.389950308683377e-09,1.6740663461320845e-10,44.143712259420255
872.9200000000001,0.9090373385842883,6.656435064515696e-09,1.6328850735964028e-10,40.76487177297179
875.9200000000001,0.9282180834799337,3.029670212487864e-09,1.1374418894788305e-10,26.635824128791683
878.9200000000001,0.9332442728707239,6.0948903880624065e-09,1.423526022398458e-10,42.81544764312282
881.9200000000001,0.9298743520314697,1.0353416382090035e-08,1.6059623174331592e-10,64.46861342698315
884.9200000000001,0.9494046981766152,7.098771032892566e-09,2.2088951980219664e-10,32.137201616669785
887.9200000000001,0.9724785718060437,4.772424747695192e-09,1.2996338272060574e-10,36.72130293772757
890.9200000000001,0.9795854531923546,2.5323656055275474e-09,1.3275311157070243e-10,19.07575329546114
893.9200000000001,0.9999233708612801,2.9232745734092827e-09,1.905050356227545e-10,15.344867729365772
896.9200000000001,1.02281573393811,6.738745381780494e-09,2.3018069026885386e-10,29.27589353350864
899.9200000000001,1.0210520928792612,6.879032532706036e-09,2.0958259906737285e-10,32.822536619534375
902.9200000000001,1.0247446539723315,5.062938473115487e-09,1.2436164123301353e-10,40.71141569794159
905.9200000000001,1.0294963702168947,5.458497058073348e-09,2.0150660579574802e-10,27.08842738191031
908.9200000000001,1.0198681158416782,5.958084648174143e-09,1.463700940260519e-10,40.70561468050765
911.9200000000001,1.0132846588563527,5.308966840305157e-09,1.8924594757105627e-10,28.053265649515673
914.9200000000001,1.025408702687843,9.121822874838741e-09,1.6251700766883757e-10,56.12842006927893
917.9200000000001,1.0259393446541425,4.939025878013888e-09,1.201241536188068e-10,41.11600980504746
920.9200000000001,1.0149461607302968,4.137176256677186e-09,1.684111830810772e-10,24.565923598348277
923.9200000000001,1.0215131172005323,6.2716612562041245e-09,1.4696786505306977e-10,42.6736909727813
926.9200000000001,1.0273392053763277,9.742674378539906e-09,1.527722848892749e-10,63.77252513832025
929.9200000000001,1.0194871319828624,8.518065419115164e-09,1.6115260488659253e-10,52.85713764980441
932.9200000000001,1.0149739742822457,1.6007163802448873e-09,1.3137355687616412e-10,12.184464045178903
935.9200000000001,1.026344616705936,6.977290291373092e-09,1.7439631912522828e-10,40.008242871014545
938.9200000000001,1.0273380044572444,7.026947603153893e-09,1.5372103259727004e-10,45.71233672078967
941.9200000000001,1.021713423000876,9.068535993801425e-09,1.418795272082695e-10,63.917156845958694
944.9200000000001,1.0180220686111274,5.424924680410797e-09,1.3751185519929928e-10,39.45059625985208
947.9200000000001,1.0150545181833668,1.1922090788413189e-09,8.43994968058465e-11,14.12578420442351
950.9200000000001,0.9976085273519191,3.796645598250745e-09,1.8315073534127577e-10,20.729622467396744
953.9200000000001,0.9790099420489861,7.471672781375599e-09,1.5137451825118562e-10,49.35885423580582
956.9200000000001,0.9637000561919263,7.445566046051942e-09,1.2367773900653416e-10,60.20134347425754
959.9200000000001,0.9604599556036272,3.1246092230541976e-09,1.1888937222163288e-10,26.281652974239947
962.9200000000001,0.9661669314809206,5.094184081544399e-09,7.937448106946961e-11,64.17911667461361
965.9200000000001,0.9795351905043788,7.66765165305499e-09,1.5831602740767603e-10,48.43256730608957
968.9200000000001,0.995195493270761,7.968930657401571e-09,2.33508712945319e-10,34.126909256990615
971.9200000000001,1.0148864218317777,8.415941974167226e-09,1.6432149087307378e-10,51.21631948110743
974.9200000000001,1.017512618284119,6.363257573122555e-09,1.4897755201269605e-10,42.712861683888256
977.9200000000001,1.0153969219787193,9.248327149068858e-09,1.770475208408373e-10,52.236411473860436
980.9200000000001,1.0139062780353045,9.843223356652908e-09,1.5121476075115033e-10,65.09432880597953
983.9200000000001,1.0080880545015585,7.371039539962304e-09,1.4773422697691094e-10,49.89391890285728
986.9200000000001,1.0031460963146464,1.2953799145294392e-08,1.9176527328578052e-10,67.5502864691765
989.9200000000001,1.006437471997428,6.644676353221759e-09,1.4547540978012565e-10,45.675598118366885
992.9200000000001,1.0082842662110776,1.2669814181265334e-08,1.889529104518719e-10,67.05276013460748
995.9200000000001,1.0028223811611008,6.0222328758158055e-09,1.3504225566497018e-10,44.595173904355676
998.9200000000001,1.002099430039139,5.03356037933043e-09,2.0384115904215234e-10,24.693542771161045
1001.9200000000001,1.0010199405842253,3.5203135340590667e-09,2.3597648844155065e-10,14.918068987754339
1004.9200000000001,0.9892258846555683,9.408868267243404e-09,1.41933201259371e-10,66.2908197924
1007.9200000000001,0.9476911304702509,9.592628784487858e-09,1.980917560473564e-10,48.425179199252575
1010.9200000000001,0.9240899095581036,6.391808235726613e-09,1.5485436129711104e-10,41.276255845729665
1013.9200000000001,0.9123676989878406,4.557373772429256e-09,1.8782943893614564e-10,24.263362539130927
1016.9200000000001,0.8939604390419703,4.9847003255416284e-09,1.226817984306445e-10,40.631131832972116
1019.9200000000001,0.8781401963109117,4.95952061392085e-09,1.6132849841791525e-10,30.74175153526442
1022.9200000000001,0.8861442130986399,4.994472961832341e-09,1.3453920067166074e-10,37.1228083480384
1025.92,0.8943569012952102,4.23420446026237e-09,1.7303989913842015e-10,24.469526862560723
1028.92,0.8952385394605683,4.751504468210254e-09,1.4507994192880124e-10,32.75093996482353
1031.92,0.90319647962049,5.7303222779101864e-09,1.695383756090039e-10,33.7995586977056
1034.92,0.9219143792754213,6.995868030923541e-09,1.6256071926373014e-10,43.03541509049185
1037.92,0.9405177267640784,1.0129650256700944e-08,1.025265115484454e-10,98.80030153873444
1040.92,0.9436560362905156,5.2781559031724166e-09,1.5876901237920072e-10,33.244244730616415
1043.92,0.9467550444981132,6.468791537878895e-09,1.3372082436126962e-10,48.37534893146
1046.92,0.9511657545230178,8.036554444730883e-09,1.90467675674983e-10,42.19379701175429
1049.92,0.9462780777598426,5.6302264521887985e-09,1.682061682109173e-10,33.47217591407788
1052.92,0.9371766283444005,5.814663815325788e-09,1.2650104858468102e-10,45.965340844059455
1055.92,0.9353348156305712,7.361513788659027e-09,1.5976719786232877e-10,46.07650310674182
1058.92,0.9172635290982051,6.506781407923821e-09,1.6492312225386565e-10,39.45342120013925
1061.92,0.8909681952160016,8.91474499555282e-09,1.4636248121707277e-10,60.908676331683694
1064.92,0.8745386751810335,8.225069695392374e-09,1.6280874109041363e-10,50.519828605668614
1067.92,0.8613541395620761,7.0961719735157296e-09,1.531416635636505e-10,46.33730500495926
1070.92,0.8331899404052066,5.5644015965790465e-09,1.5627310783446017e-10,35.60690430802341
1073.92,0.8210843746828392,7.115421426758173e-09,1.5458077508199328e-10,46.030442161931106
1076.92,0.8290177274536591,6.5500034392770015e-09,1.5609542049346274e-10,41.96153492889508
1079.92,0.8316042665051911,3.825287714641491e-09,2.1537758607789942e-10,17.76084403350092
1082.92,0.8470507076167837,7.3969284844459004e-09,1.2559519132461644e-10,58.89499754276114
1085.92,0.8792842669968929,4.772047891379716e-09,1.4882417268631864e-10,32.06500533645102
1088.92,0.9046950876843436,6.886304451315616e-09,1.6627548440645124e-10,41.41503166204841
1091.92,0.9129328589080777,7.759181260954948e-09,1.8425939267745255e-10,42.11009896541585
1094.92,0.9082387634314769,7.55399877334672e-09,1.8245238200433328e-10,41.40257688259346
1097.92,0.9147390735926028,8.838332074494072e-09,1.3699753893182137e-10,64.51453174565847
1100.92,0.9318923732991066,7.52189917028904e-09,1.5936821092757478e-10,47.198240643533246
1103.92,0.93432428889956,6.118705514007749e-09,1.4293440208979303e-10,42.80778752034733
1106.92,0.9428753833066325,1.3017194429345439e-08,2.1459325820858058e-10,60.65984802138086
1109.92,0.956097623746715,8.709884710590226e-09,1.94782259006654e-10,44.716006247225444
1112.92,0.9542451853352117,9.322870839114291e-09,1.558812522813913e-10,59.807518240134335
1115.92,0.9394906345844989,8.052883819521924e-09,1.538585751182e-10,52.339519024762794
1118.92,0.9492568130446695,6.942638187429204e-09,1.2802207622927404e-10,54.23000776050274
1121.92,0.9523694123228413,1.0067674222204663e-08,1.7092349278900766e-10,58.901641067167155
1124.92,0.9537569429105169,8.997863070728093e-09,1.7555223424716006e-10,51.254620081109294
1127.92,0.9458735079834159,5.634234815204817e-09,1.4118919786548686e-10,39.905565725875434
1130.92,0.9426936688175744,7.176945957393652e-09,1.7165328992915497e-10,41.81071018420755
1133.92,0.935797503870738,4.7433291031505206e-09,6.998657619879803e-11,67.77484141640271
1136.92,0.9369552110609201,5.765417576488863e-09,1.9166663431243302e-10,30.08044460722746
1139.92,0.9518611048083253,6.838939175542416e-09,2.1248319874734116e-10,32.18578793928286
1142.92,0.9673228735554869,8.405559644911905e-09,1.5645744910506503e-10,53.72425341836786
1145.92,0.9803961861408405,7.57171668933871e-09,2.0054397627066147e-10,37.75589190033634
1148.92,0.9945766758470511,4.415210987735521e-09,1.8217017391139775e-10,24.236739159523175
1151.92,1.0037441202200565,8.2832336715922e-09,1.0875243592494849e-10,76.1659598807384
1154.92,1.009670899717142,4.206484970066139e-09,2.346861932891366e-10,17.923870642376016
1157.92,1.0045178269501482,8.702535430579398e-09,1.7147346143912693e-10,50.75150030530408
1160.92,0.9796962354954756,5.2234540116698465e-09,1.9509516476400653e-10,26.773877343338093
1163.92,0.9608677579624972,5.383433444997859e-09,1.7539449561637913e-10,30.693286160886394
1166.92,0.9472676219685909,4.81666489549301e-09,1.9059130351245444e-10,25.272217602406286
1169.92,0.9404469437483076,4.748790687679846e-09,1.3947845839374598e-10,34.04676781180122
1172.92,0.9395264316900099,3.1583251659721627e-09,1.5041928293801534e-10,20.996810410761253
1175.92,0.958134220856416,4.4419330223523205e-09,2.0021568425265278e-10,22.185739538502048
1178.92,0.9747430750098894,5.055032796296485e-09,1.2644872661034534e-10,39.97693714918684
1181.92,0.9747022076232877,7.325008531068715e-09,2.1909887935046413e-10,33.43243266594644
1184.92,0.9688408924775924,8.605018556046864e-09,1.7199341673792819e-10,50.03109258047128
1187.92,0.9617150686103809,4.277015897468413e-09,1.6572716927297846e-10,25.807572266098997
1190.92,0.9580162295277405,4.680251863129095e-09,2.128941017531623e-10,21.983943306027147
1193.92,0.9423502748337551,8.401384844627256e-09,1.0578395303551313e-10,79.42022020870023
1196.92,0.9407891140674268,1.105990163853531e-08,2.4312850782110395e-10,45.48994166769321
1199.92,0.939155706997994,1.6874790417753294e-08,1.5478463859316122e-10,109.0210926040749
1202.92,0.9404375581481753,1.1333388254860065e-08,1.271148464570949e-10,89.15865117836906
1205.92,0.9365098636465392,3.082181004286982e-09,2.33801416329995e-10,13.182901338530346
1208.92,0.9423379548398213,7.802387372165136e-09,2.590510451742222e-10,30.119111725327027
1211.92,0.9334749286186739,1.0053493922764463e-08,2.1728758712941498e-10,46.268146540633595
1214.92,0.9213389626394419,9.250733848817408e-09,1.70936986287473e-10,54.117801242031966
1217.92,0.90495741565701,8.25510256186583e-09,1.805083839603525e-10,45.732516023626964
1220.92,0.8990698328669362,4.9279630518864244e-09,1.6793429457416937e-10,29.34459018262023
1223.92,0.8995497167267953,6.722578053959795e-09,1.842067103088639e-10,36.49475115585032
1226.92,0.906065491741237,6.637949091490081e-09,1.6461801622174604e-10,40.32334518324251
1229.92,0.914525216624388,6.721176089599648e-09,1.6772969144811195e-10,40.071474713699565
1232.92,0.9243247974030359,7.241393875506258e-09,1.913726746069763e-10,37.83922595207477
1235.92,0.9228074774737148,6.993663819645859e-09,1.2767002171761363e-10,54.77921696539508
1238.92,0.9254454416561569,6.293373024381474e-09,1.9818510802385784e-10,31.755024820653365
1241.92,0.9314959459996254,4.323604090994302e-09,1.631748691101515e-10,26.496752315919704
1244.92,0.9316532770028404,3.733017971213606e-09,1.7777542017923996e-10,20.998504559572044
1247.92,0.9465904018662149,9.00696974968211e-09,1.5330373866109784e-10,58.752446798400925
1250.92,0.9638939603341848,6.843581387696781e-09,1.9162242017095984e-10,35.71388661927524
1253.92,0.9623020426537691,4.7106308381076845e-09,2.1980337113424575e-10,21.431112788668962
1256.92,0.9637678584055731,7.204994567322323e-09,2.247778310055517e-10,32.053848616167
1259.92,0.9797730054010648,6.436112619327926e-09,1.9989092777153231e-10,32.198122701617336
1262.92,0.9847092509671841,6.622396643859125e-09,1.7724208934021304e-10,37.363566794496265
1265.92,0.9766795144335263,8.196426416264412e-09,2.1542447059312458e-10,38.047796490794795
1268.92,0.9691454242168249,6.526347493981142e-09,1.5550455584104543e-10,41.96885074320448
1271.92,0.9698514395280918,7.409867191930251e-09,1.960245004100253e-10,37.800719687748206
1274.92,0.9623458348439252,7.497290830739854e-09,1.5976993866265978e-10,46.92554114682191
1277.92,0.9542832488772935,2.6472400998995597e-09,1.9141010037748485e-10,13.83020067738781
1280.92,0.9623124532325562,6.2289753694480215e-09,2.009665955097233e-10,30.995078329555753
1283.92,0.9730406519071438,8.953709712771252e-09,1.5418276664939917e-10,58.072052456623524
1286.92,0.9612757082917108,7.273777464615407e-09,1.6558813719086787e-10,43.926923679509535
1289.92,0.9472220888359658,6.609991270718068e-09,1.5732686835846703e-10,42.014382792246884
1292.92,0.9411938553695487,5.085026039246352e-09,2.182175632472238e-10,23.302551653394676
1295.92,0.9281058669948333,5.120153974067897e-09,1.519194686437302e-10,33.7030797946989
1298.92,0.9357315749445737,1.2038767536040623e-08,2.665266553167761e-10,45.16909395697077
1301.92,0.9463502684161623,7.784940372652106e-09,1.9069977018013337e-10,40.82301916409505
1304.92,0.9634116033736119,5.749454029629546e-09,1.6001764751627123e-10,35.93012470105785
1307.92,0.975337600122178,5.989229562370289e-09,2.1652743144452143e-10,27.660373202666687
1310.92,0.9861914765044623,7.44931438405972e-09,1.403143322090005e-10,53.09018876962507
1313.92,0.9778506572990707,4.880204454368418e-09,2.1689720986346818e-10,22.500079449802026
1316.92,0.9789057285558155,1.0620027066748005e-08,1.8119658280453986e-10,58.610526216181604
1319.92,0.9780793360553215,4.885117244487402e-09,1.9770989462230825e-10,24.708511700032023
1322.92,0.9769771961538746,4.008065114302971e-09,2.2729157452300897e-10,17.63402415031988
1325.92,0.9751953879530495,8.784528968971624e-09,1.3735433774448795e-10,63.95523514745459
1328.92,0.9613967988848934,6.519908123664155e-09,1.7748660950084646e-10,36.734647994011404
1331.92,0.9562334416824919,9.383219043061501e-09,1.8640479909294194e-10,50.337861947336464
1334.92,0.9627442318998453,2.571494805273139e-09,1.92322070767041e-10,13.370773281595856
1337.92,0.9593530803078698,5.209652716121821e-09,2.2961243976029842e-10,22.688895782651784
1340.92,0.9534248835922181,8.181668697559114e-09,1.5349125888530514e-10,53.30380867924725
1343.92,0.9652945665110947,9.203648622037122e-09,1.703606528641625e-10,54.02449724923087
1346.92,0.9705516113218474,9.800958150218935e-09,2.091139431141927e-10,46.86898446014592
1349.92,0.9624756212890508,5.32578203271617e-09,1.3213900382347153e-10,40.30439066901884
1352.92,0.9603542130885382,7.98153128023703e-09,2.0422587626676202e-10,39.08188044599925
1355.92,0.962287662327817,6.975979280307911e-09,1.4199078759776573e-10,49.12980199863107
1358.92,0.9565545972509252,8.108128442241986e-09,1.4454658620608625e-10,56.09353119334054
1361.92,0.9445179193438774,7.289259758180674e-09,2.2362706038946775e-10,32.59560692469747
1364.92,0.9286563389293248,8.342704457728707e-09,1.878320854291513e-10,44.41575803552214
1367.92,0.9304242796815609,1.013938900498514e-08,1.474253805148632e-10,68.77641400398423
1370.92,0.947973422840415,7.721881686401452e-09,1.465672006066484e-10,52.68492305536456
1373.92,0.947110103594759,6.541484261231091e-09,1.5728665141475021e-10,41.58957039514948
1376.92,0.9391081169637419,5.797075999343471e-09,1.7585345694831604e-10,32.96537981080038
1379.92,0.9546248440505929,8.275925919444987e-09,1.8095376260717292e-10,45.73503087311285
1382.92,0.9480230636832786,5.795167460960463e-09,1.457742396787879e-10,39.754400185725935
1385.92,0.9186522630048793,8.548823407343229e-09,1.745868008282591e-10,48.96603504266454
1388.92,0.9254909661914459,6.582607381024682e-09,1.3594985450225878e-10,48.41937790316144
1391.92,0.9494576734946744,4.780020137296313e-09,1.9863482066300217e-10,24.064361532089833
1394.92,0.9509322727221513,1.166891171783909e-08,1.568874527140408e-10,74.37759690768928
1397.92,0.9608717334511138,8.560292668744732e-09,1.4221078828264248e-10,60.19439714890855
1400.92,0.9853839762820876,9.187704036046929e-09,1.771346298104578e-10,51.86848018300089
1403.92,0.994668009109796,5.919382177575367e-09,1.6284788872649638e-10,36.349149036356195
1406.92,0.9964460477436484,3.1656197086194035e-09,2.8543845671265413e-10,11.090375645514987
1409.92,0.9984115447164724,9.662609737658648e-09,2.7004645293035574e-10,35.78128737780759
1412.92,0.9991246119629175,3.530196402103223e-09,1.7386720072507026e-10,20.303981356928794
1415.92,0.9954712245875253,1.0733150218549486e-08,1.6908526315153043e-10,63.47773909149419
1418.92,0.9915893320516709,7.123344356257032e-09,2.2750265170455507e-10,31.311038807177155
1421.92,0.9894145532472223,5.884107143221072e-09,2.6598697257396865e-10,22.1217869667837
1424.92,0.991944577600416,4.473512712410563e-09,2.0835004800522668e-10,21.47113838101127
1427.92,1.0026303146899544,2.2974677061909138e-09,1.834873681746216e-10,12.52112191180624
1430.92,1.0118290046945608,4.89656566080084e-09,1.2654585196510658e-10,38.69400367347486
1433.92,1.0054281962813205,6.126167488938503e-09,2.454281546869773e-10,24.961143910941708
1436.92,0.9953106476087581,6.348753239360981e-09,1.9996837999833662e-10,31.74878568008498
1439.92,1.0035283986768133,6.490968900011603e-09,1.2704053142547558e-10,51.09368504034738
1442.92,0.9877948165047785,8.390754210860147e-09,1.8011190282015773e-10,46.58633926730728
1445.92,0.962325246918585,7.1010740803855854e-09,1.5776826905543539e-10,45.00952012023701
1448.92,0.9676777333538342,7.377108932323899e-09,1.4995279661970184e-10,49.19620773084431
1451.92,0.9795115201563558,4.333726789245462e-09,1.7435926088152505e-10,24.85515691759083
1454.92,0.9749329528935137,5.647320985515842e-09,1.970779415062953e-10,28.65526675564271
1457.92,0.9823898263549328,6.418893482636356e-09,1.7066847025022984e-10,37.610306538900446
1460.92,1.004728623329031,6.968897494277683e-09,1.36232654162265e-10,51.15438392602347
1463.92,1.0037597063103392,1.4820250853071452e-08,1.7211357402126148e-10,86.10739122319708
1466.92,0.9948149218162744,8.617136947618757e-09,1.6730661081699924e-10,51.50505951641219
1469.92,0.993254332308247,6.0310821781793734e-09,2.0420890643399449e-10,29.533884116502882
1472.92,0.9905598294408414,9.502440868325267e-09,1.5303486366152222e-10,62.09330763571935
1475.92,0.975540188380624,8.596272194506591e-09,1.4403528976620475e-10,59.68170861779701
1478.92,0.9675229966695303,9.567498891481334e-09,1.6564122367788004e-10,57.760373167051114
1481.92,0.9662082146236749,4.491580191699253e-09,1.375398232546418e-10,32.65657963936396
1484.92,0.9595178921984174,5.515120474443577e-09,1.898750468402424e-10,29.046051949542925
1487.92,0.9623923773414309,7.302038188331659e-09,1.6650820814017705e-10,43.853923298389866
1490.92,0.9610545166480171,8.812729505460999e-09,1.7654045957518232e-10,49.91903570811749
1493.92,0.9533858797254591,1.0081496406517543e-08,1.5518806589662976e-10,64.96309073941802
1496.92,0.9529544749871119,5.131046042654784e-09,1.6485468388552675e-10,31.12466034764123
1499.92,0.9363468032749599,5.553807505798745e-09,2.399749807933002e-10,23.143277217646517
1502.92,0.9201941110060613,4.578918623232439e-09,1.7617124485987823e-10,25.991294021191628
1505.92,0.9268893872981939,4.513715142048513e-09,1.4173693702648726e-10,31.845722341276552
1508.92,0.9385059723843202,4.436368760345574e-09,1.1408745730562112e-10,38.88568353715946
1511.92,0.9444874600614096,8.453402810722478e-09,1.8062406124318684e-10,46.801089248796536
1514.92,0.9670700034349254,5.745752634123521e-09,2.254308911191076e-10,25.48786728207414
1517.92,0.9868151836779249,3.1130895826148865e-09,1.4622207232144783e-10,21.290148150624034
1520.92,0.9909893760288528,2.1525711278414805e-09,1.6538325456713745e-10,13.015653449773191
1523.92,0.9933810391318003,4.4252157323308315e-09,1.1240722970471038e-10,39.367714549639814
1526.92,0.9898872659214609,7.774852441550658e-09,1.735137891957516e-10,44.80826842401192
1529.92,0.9942232428378858,7.734744998365899e-09,2.1341062114589595e-10,36.2434866495146
1532.92,0.9969110091063231,4.095482865072407e-09,1.041541386801204e-10,39.32136463295529
1535.92,0.9971041007173946,3.33004327140198e-09,1.880283504758302e-10,17.710325400264757
1538.92,0.9891654030510352,6.03943270180287e-09,1.7454035049893752e-10,34.601928348021936
1541.92,0.9853239417658238,1.0396600471028496e-08,1.3485224486037057e-10,77.09623582309214
1544.92,0.968104767675916,7.990996362029884e-09,1.6207486954697807e-10,49.30435165159063
1547.92,0.935086285992298,6.27025740887566e-09,1.6130602493112094e-10,38.871811586412306
1550.92,0.9271056763968364,5.4126478337546935e-09,1.7252924028635925e-10,31.372350708615716
1553.92,0.9276283655875702,7.60170784667081e-09,1.7804408487400898e-10,42.695649518769905
1556.92,0.9273751842955106,4.6609023170572945e-09,1.2192453359905033e-10,38.22776417078374
1559.92,0.9387167688550025,4.771430595126504e-09,1.3231072038513838e-10,36.06231287410063
1562.92,0.9588326683125962,5.376388133150854e-09,1.8395074383038642e-10,29.22732477835591
1565.92,0.9605562346027874,7.430425015321793e-09,1.3855171024269373e-10,53.62925511569875
1568.92,0.9880830719549484,6.227481247373226e-09,1.7210917945676545e-10,36.18331844373005
1571.92,0.9953058632231161,3.775425626484823e-09,1.1157075539439891e-10,33.83884614869567
1574.92,0.998284475246071,3.365911630252791e-09,1.7058999797892808e-10,19.73100222832854
1577.92,1.0038464181503421,8.239204444722487e-09,1.9345563292367848e-10,42.58963318981253
1580.92,1.0144293915606752,8.532656973553377e-09,1.9319214095269635e-10,44.166687793178
1583.92,0.9971396452972286,3.1838063727016332e-09,1.4564820105165577e-10,21.85956537542445
1586.92,0.9972695968682072,3.2334015394045448e-09,4.84262202485331e-11,66.76964509743023
1589.92,0.990542488653622,7.03407097376068e-09,2.0175883675236632e-10,34.86375658675174
1592.92,0.9768077923212305,7.472617291504435e-09,1.588497580755095e-10,47.0420438912618
1595.92,0.9637375636486718,4.337352787402899e-09,2.119930985967869e-10,20.459877307857976
1598.92,0.9517059018736959,3.738715743561315e-09,1.1685520606808152e-10,31.99443028137818
1601.92,0.9451209271093898,1.537692319992549e-09,1.1784866026523729e-10,13.048025463604985
1604.92,0.9496908601745835,8.760528808246278e-09,1.5752744312718623e-10,55.61271505672257
1607.92,0.9656363403629592,7.230084295881867e-09,1.7733361636182091e-10,40.77108697276006
1610.92,0.970323612931124,3.896288601212835e-09,2.041786286558378e-10,19.08274449124837
1613.92,0.9850080669639666,5.281379092322059e-09,1.300857429771454e-10,40.599215344066856
1616.92,0.998011323446856,2.7508089204621016e-09,1.867713715593759e-10,14.728215022973158
1619.92,1.0059921467590691,3.898286861733593e-09,1.2432581953457855e-10,31.355408525172592
1622.92,1.0143305371060762,6.012464997127142e-09,1.738490701315026e-10,34.58439549075071
1625.92,1.0195549969133528,3.150778507590774e-09,2.567015600245076e-10,12.274091779146048
1628.92,1.0143400347768954,2.3020905132807355e-09,1.5859137565991036e-10,14.51586193575513
1631.92,1.0138592102448885,5.602601628337323e-09,2.324215054311017e-10,24.105349537020967
1634.92,1.0054946330689052,9.619109992204149e-09,1.535950132210711e-10,62.62644724252376
1637.92,0.9866857817499343,4.985468642075165e-09,1.5559691803127472e-10,32.040921537231824
1640.92,0.9879093292816771,5.5367246204807125e-09,1.9839306523833708e-10,27.907853602792194
1643.92,0.9923699931925235,9.826530376158115e-10,8.15627255455766e-11,12.047820018799063
1646.92,0.9737484778891407,3.877623766259979e-09,2.2127643285223193e-10,17.52388953616877
1649.92,0.9643723378546017,9.12084984908363e-09,1.1479034767840159e-10,79.4565922444694
1652.92,0.9805379830564932,5.453143734192122e-09,1.2130295637075084e-10,44.954747166467335
1655.92,0.9839888474396329,8.053551115928236e-09,1.471323083228896e-10,54.7367957977951
1658.92,0.9812482851901055,3.779100542041096e-09,1.2978463853795708e-10,29.11824222506774
1661.92,0.999285047314807,4.545236234441086e-09,9.023994327742895e-11,50.368340995821
1664.92,1.016190483557012,6.239691975364621e-09,2.0050743122913517e-10,31.11950483388343
1667.92,1.0072086655942585,6.398153346973121e-09,1.4867370714073567e-10,43.03486789978661
1670.92,0.9946821378757642,8.579189735929926e-09,1.6100329468182672e-10,53.28580233643072
1673.92,0.9906067030421714,4.671402363109286e-09,1.895964044632194e-10,24.638665360426234
1676.92,0.9849913093919387,6.122405158574438e-09,1.6027857600926822e-10,38.198524787370246
1679.92,0.9673687711311647,4.718627710314372e-09,2.2675167545793353e-10,20.80967075892571
1682.92,0.9551672804787041,5.008184393874342e-09,1.1272073642092296e-10,44.43001840559955
1685.92,0.9488032366433371,1.1987575603029915e-08,1.7963136159719063e-10,66.73431352099374
1688.92,0.9393170340254047,8.57817672090411e-09,7.656821676252521e-11,112.03312658448289
1691.92,0.9327809219582596,5.450519397855917e-09,1.5789630160611649e-10,34.51961409110534
1694.92,0.9329449005350394,8.441163533568935e-09,1.8540142819424783e-10,45.5291181722991
1697.92,0.9342869900016814,6.6942784382566125e-09,1.1126286643061141e-10,60.16633089739306
1700.92,0.9419747651888396,1.4411206194416609e-08,1.486210411864936e-10,96.96612323105076
1703.92,0.9360673449821411,4.238007264772147e-09,1.663114882856666e-10,25.48234826383546
1706.92,0.9179550895516199,7.3715711079825315e-09,1.6232638137647114e-10,45.412033740136245
1709.92,0.9267058336442661,6.857149433400111e-09,1.8502009502665593e-10,37.06164691144601
1712.92,0.9412545493676521,1.010596539183716e-08,1.9130077478803778e-10,52.827623949953264
1715.92,0.950310168268644,7.863998489071233e-09,1.680519651964899e-10,46.7950403309862
1718.92,0.9734972372104322,1.0419911705084022e-08,1.752613886399357e-10,59.45354984314956
1721.92,1.0062358764434391,3.215973784216027e-09,1.6344183867980592e-10,19.676563909173503
1724.92,1.012629203249365,7.667741985223909e-09,2.0077300759475527e-10,38.19109987484299
1727.92,1.0571384377794173,9.4226662239026e-09,1.3151096354563802e-10,71.64928284197894
1730.92,1.0473592367303715,8.753672119360419e-09,2.0194091819318974e-10,43.34768900568279
1733.92,1.0381919661789463,1.0335956569166279e-08,1.723970162613101e-10,59.95438200333811
1736.92,1.0449060001613977,5.636786017724905e-09,1.571343678261246e-10,35.87239440809175
1739.92,1.0431941030255505,5.74457371256405e-09,1.8909042708811312e-10,30.38003457407799
1742.92,0.9840990615602775,7.238066565874894e-09,1.7041933415372147e-10,42.47209744022366
1745.92,0.9705019075819173,8.296602804712007e-09,2.020453172441927e-10,41.063078906623225
1748.92,0.9471593777292853,9.514495842779686e-09,1.8044135625953819e-10,52.72901977689911
1751.92,0.920471348846473,5.259519949216601e-09,1.334714137566809e-10,39.405591063901774
1754.92,0.9060619242068642,6.282223971947126e-09,1.525431293521517e-10,41.183264029180684
1757.92,0.9146625180348348,3.937726767349542e-09,1.826281042729358e-10,21.561450155911654
1760.92,0.9285162966252204,7.562275685349722e-09,1.5914318496965075e-10,47.5186900827194
1763.92,0.9516952728386509,7.381151274150109e-09,1.5098586401479056e-10,48.88637305428177
1766.92,0.9681074507519319,7.078966160744776e-09,1.8830461324245737e-10,37.59316375127802
1769.92,0.9686035687622704,1.0494501664590981e-08,2.1753115445076975e-10,48.24367199764036
1772.92,0.9577092844502779,5.52759669784272e-09,1.908821401658973e-10,28.958165981577107
1775.92,0.9571289858604303,9.588414384002813e-09,1.681228683419336e-10,57.032184131557834
1778.92,0.9527553379220093,7.486150280162609e-09,1.2756183430729877e-10,58.68644270298228
1781.92,0.9445568591264767,8.705207920052126e-09,1.4780669044907922e-10,58.89589905303476
1784.92,0.9506082781654088,8.869939837583408e-09,1.8256106134872143e-10,48.586153980778924
1787.92,0.9677627814507073,1.0243386676049942e-08,1.87530174155455e-10,54.62260525369418
1790.92,0.9654283791073857,5.992276003038687e-09,1.9731917552620711e-10,30.36844233237138
1793.92,0.9670926110338276,4.417323033787508e-09,1.9583005081866986e-10,22.556921245339193
1796.92,0.9890570877728635,9.726134106852945e-09,1.9471591468215903e-10,49.95038090609708
1799.92,1.0034282837001234,1.0414547010223091e-08,1.712785723772448e-10,60.80472802683586
1802.92,1.005000711738523,5.8115679862900155e-09,1.8744873092341252e-10,31.003506706399076
1805.92,1.0148320268522582,7.909763552546275e-09,2.0042307375188727e-10,39.46533402804772
1808.92,1.0226046642577302,3.3805477460095616e-09,2.6134708125783023e-10,12.935088961925327
1811.92,1.0093499193934081,4.73107638217227e-09,1.5632563242088307e-10,30.264239516617234
1814.92,0.9976477768980616,2.8480433971787924e-09,1.275581488845429e-10,22.327412416094646
1817.92,0.9928111948764974,8.291796586065475e-09,2.0786536312742753e-10,39.89022731498736
1820.92,0.9930160108337547,7.500183772481036e-09,2.0431893908066243e-10,36.70821611656892
1823.92,0.9889597739742567,6.930593555134482e-09,2.510945896701e-10,27.601524844642114
1826.92,0.9867576942413013,4.053181155561709e-09,2.3491814458713364e-10,17.253589171177627
1829.92,0.9814433390037225,8.647285309496445e-09,1.8448899682478462e-10,46.87155038145208
1832.92,0.9752939952551823,5.58353206945222e-09,2.447521398535016e-10,22.813006140801424
1835.92,0.9629535615411827,5.901217347798416e-09,1.9933544383855912e-10,29.60445585672052
1838.92,0.9631744773132782,7.243228011368725e-09,1.5467667452797794e-10,46.828185526180086
1841.92,0.9675884617155002,3.359296243316796e-09,2.478457706550645e-10,13.553978486048264
1844.92,0.9664653906989594,6.7769102575249245e-09,2.0621651799563578e-10,32.86308159692788
1847.92,0.9612970741278598,5.825675536782195e-09,2.114003912036418e-10,27.557543785102684
1850.92,0.9682962975994646,6.446310655878105e-09,1.6673453440410412e-10,38.66212047142305
1853.92,0.967389226191205,7.3177921210702395e-09,1.211881067022328e-10,60.38374820930686
1856.92,0.9628915629745948,6.350481498601238e-09,1.9055862614338228e-10,33.32560497063479
1859.92,0.958599334438205,5.750048777185396e-09,1.930795661202438e-10,29.780721454513984
1862.92,0.9586965377076409,6.2387498714669575e-09,1.920891432899567e-10,32.478409579086026
1865.92,0.9448592110647954,4.5108641345701024e-09,1.6159208681104357e-10,27.915130150183938
1868.92,0.9246004470111752,8.293230838294974e-09,1.5360885303745391e-10,53.989276492240094
1871.92,0.9130142552646036,7.718961983558233e-09,1.4973177858430187e-10,51.551928765825146
1874.92,0.9243481286538491,5.963058180593257e-09,1.4897057069071642e-10,40.02843080311073
1877.92,0.9357400023232977,7.153505558922184e-09,1.8980898858684065e-10,37.687917796629215
1880.92,0.9459548770425809,3.808886936897649e-09,2.099917864850363e-10,18.138266265804948
1883.92,0.9582545006956519,9.866834901617883e-09,2.0714784267495483e-10,47.631849669322335
1886.92,0.974647777883712,6.624994039474922e-09,2.1676827629218095e-10,30.562562718103287
1889.92,0.9720950062157497,7.608950660334947e-09,1.4133957574905805e-10,53.83453728377034
1892.92,0.9619193878602946,6.168565004782574e-09,1.9278171096205455e-10,31.997667071212682
1895.92,0.9769751200268932,6.769893349315749e-09,1.5563078451331747e-10,43.49970586144827
1898.92,0.9893784900223729,9.193593047556013e-09,1.830691847358001e-10,50.21922756046534
1901.92,0.985837243813469,2.8213850597690593e-09,1.9899364460941995e-10,14.178267176857872
1904.92,0.9836895533699025,7.685743354803163e-09,2.123405402736605e-10,36.195364977869616
1907.92,0.9863024657590845,7.208854523472588e-09,1.875459934162336e-10,38.43779540239756
1910.92,0.9740856604272704,9.23643766478656e-09,1.8537683622802717e-10,49.8251985130713
1913.92,0.9573693748900637,5.196210400224009e-09,1.907409725128141e-10,27.242235015211133
1916.92,0.9437674941775156,2.9395300219365934e-09,1.5982599112219014e-10,18.39206502832987
1919.92,0.9343422291994811,6.1103677508322334e-09,1.9887721094299964e-10,30.72432342478662
1922.92,0.9181939034821843,6.072569224212646e-09,1.5038099981808218e-10,40.381226561591625
1925.92,0.9075757782530728,8.259339267107567e-09,1.9623003784603572e-10,42.09008650137415
1928.92,0.9115468453544954,6.509194801712502e-09,1.6461793995379237e-10,39.54122377876681
1931.92,0.9176791911712661,5.6204199087468095e-09,1.7301139934052024e-10,32.48583578984137
1934.92,0.9232769882471489,8.187754671106627e-09,1.845969174436997e-10,44.35477463270109
1937.92,0.9397238387070624,1.1233839959011788e-08,1.4280529969526363e-10,78.66542756455121
1940.92,0.9484205218811894,8.307587807853319e-09,1.9055127761519765e-10,43.597649471707015
1943.92,0.9524076361259906,6.691827313503761e-09,1.6460424206606432e-10,40.65403922468766
1946.92,0.9494380738655641,6.610430560895559e-09,1.593368219566535e-10,41.487149547226956
1949.92,0.9592964373231953,7.901122703002545e-09,1.4840451667001668e-10,53.24044631721691
1952.92,0.9692663396164521,1.156566254195524e-08,1.7004480957012914e-10,68.01538118801197
1955.92,0.9789423369027972,9.205447082961604e-09,1.7787073741390537e-10,51.75357800165027
1958.92,0.9964806644624074,4.008568717814203e-09,2.508771611111709e-10,15.97821300296798
1961.92,1.0253444682088166,6.926383970106943e-09,1.5371740753635776e-10,45.0592036459416
1964.92,1.0326849022430153,7.1112391066856535e-09,1.4603417653605971e-10,48.69571818984236
1967.92,1.033058784763675,1.0602988945362488e-08,1.70110006235744e-10,62.330189622522965
1970.92,1.0330850578101687,1.057654125628002e-08,1.5657748676235897e-10,67.548288550143
1973.92,1.026590950439437,4.886802131297295e-09,2.1947195228233774e-10,22.2661806234389
1976.92,1.01240261705884,3.291025925637864e-09,1.9983103125899783e-10,16.46904339582984
1979.92,0.9552221100592367,3.857145056810207e-09,1.611172463034226e-10,23.939988705779353
1982.92,0.9465192921522156,8.34926519130183e-09,1.2899070008692893e-10,64.72765234761206
1985.92,0.948262509031836,5.7135000011010545e-09,1.3600772674836847e-10,42.00864272712795
1988.92,0.9443290212143123,3.684126034552658e-09,2.0219698458551654e-10,18.220479608559668
1991.92,0.9377665683704448,1.8622114760880783e-09,2.0066975217580918e-10,9.27998094329918
1994.92,0.9893142517640788,7.154807438860373e-09,1.2793022524325858e-10,55.9274200077077
1997.92,1.0024546127274572,1.5799553757109596e-08,2.178149500797935e-10,72.53659012534102
2000.92,1.0040123820717402,7.899736146092338e-09,2.1242336162115965e-10,37.1886410506058
2003.92,1.0086607504129077,5.2423046840951244e-09,2.1682459056234088e-10,24.177629808957807
2006.92,1.0111612730712554,5.314094250138459e-09,1.5678735742474212e-10,33.89364000658805
2009.92,1.0014364905156035,5.414903223422083e-09,8.16972103199202e-11,66.2801483945134
2012.92,0.9860427658596,7.48130616113775e-09,1.618184212278465e-10,46.23272248221843
2015.92,0.969204209874604,8.918165435459222e-09,1.8141607029500424e-10,49.15862977826175
2018.92,0.9461069194647135,5.471269992375662e-09,2.09575862182383e-10,26.106393815592654
2021.92,0.9215905805481057,6.7155118066926284e-09,1.6193146881348888e-10,41.47132028072623
2024.92,0.9021772072524614,7.888164657555272e-09,1.6242173685400116e-10,48.56594203672285
2027.92,0.8740147224079619,6.609381338274666e-09,1.7148153841597148e-10,38.54281574172698
2030.92,0.8526561027587413,7.65680130538973e-09,1.3517756670890947e-10,56.64254426089677
2033.92,0.8521169137711649,7.320974444923028e-09,1.486670294511447e-10,49.244102555562684
2036.92,0.871308681919143,4.031880474725759e-09,1.2677767761538148e-10,31.80276331419866
2039.92,0.8908502216583023,6.868682939521588e-09,1.5535244098804847e-10,44.213550143380154
2042.92,0.9161578861304737,8.216809117938019e-09,1.8612065434870792e-10,44.14775537240132
2045.92,0.9417445393097476,7.076306885513569e-09,1.754729355974857e-10,40.32705591559593
2048.92,0.9625688735565453,8.553428743124558e-09,1.534016610849144e-10,55.758384118082446
2051.92,0.9811975376504586,5.262402425766462e-09,1.3432568128363917e-10,39.176443219777816
2054.92,0.9900729551703731,4.381320538097526e-09,2.0983121908420156e-10,20.88021295029211
2057.92,1.0045867467027114,9.622655820829085e-09,1.8360032803385764e-10,52.41088577496755
2060.92,1.023563310801053,9.337514098180806e-09,1.7472311210389805e-10,53.441779886729066
2063.92,1.0208615367943898,7.647738210075857e-09,1.9275506296811962e-10,39.67593946593632
2066.92,1.000708962018715,6.2116706690615605e-09,2.0062402102545425e-10,30.961749432155248
2069.92,1.012270894044809,4.226796875178408e-09,2.1132702906770266e-10,20.00121278298136
2072.92,1.0124984427026604,8.972192579683137e-09,1.5804265850102325e-10,56.770701434543675
2075.92,1.000742543727619,1.0095567004786594e-08,1.8699556956712684e-10,53.9882684288011
2078.92,0.9939521423715436,6.349882015033445e-09,2.5863005599914976e-10,24.551987936987185
2081.92,0.985278515512842,6.6881186478910375e-09,1.8426102054557334e-10,36.29698038189723
2084.92,0.9544441750699976,6.062471766370433e-09,1.7701311308625307e-10,34.24871559327006
2087.92,0.9459540075457354,5.212575770352408e-09,1.8164331433991268e-10,28.69676645845612
2090.92,0.9492623745862904,6.779842693005339e-09,2.055687350096604e-10,32.98090389419738
2093.92,0.9603180159331585,4.409592428995472e-09,2.226708399674192e-10,19.803187654210472
2096.92,0.9746412587090201,5.3551395273060175e-09,2.1511006292153244e-10,24.89488150658697
2099.92,0.9922331125519367,9.47610842918824e-09,1.47710730016752e-10,64.15314871244321
2102.92,0.9994301956962465,1.6766206292784086e-09,1.2970564792420483e-10,12.92635020996282
2105.92,0.9943630596050618,7.3248198710093345e-09,1.713253251919817e-10,42.75386527240719
2108.92,0.9878377511144913,6.506503938156799e-09,1.7281304350714198e-10,37.650537286486134
2111.92,0.9928076831995881,4.272179240138007e-09,2.0300518908951559e-10,21.04467998724003
2114.92,0.9956610624522403,5.881046695573777e-09,1.3965133901728418e-10,42.11235450342441
2117.92,1.001392114775551,5.500984746907391e-09,9.222602266321575e-11,59.6467741756086
2120.92,1.013549955891197,8.47524700021454e-09,1.3804303048642457e-10,61.39568923074326
2123.92,1.0262577003635929,7.13653610127597e-09,1.4212475706071516e-10,50.213180651047786
2126.92,1.034435767942927,7.311692489222439e-09,1.8500543049498974e-10,39.52150198866974
2129.92,1.0373715097107217,1.0172663612974913e-08,1.770318819513694e-10,57.46232543451885
2132.92,1.0379157822509448,9.340111724024373e-09,1.6872231238351335e-10,55.35789304969862
2135.92,1.039607145771672,1.032663518261836e-08,1.6222903270342558e-10,63.654667789930706
2138.92,1.0397178699536886,6.6987120203063e-09,1.8354793653055967e-10,36.49570867930189
2141.92,1.0371995904832836,5.228945415905272e-09,1.4847541819714288e-10,35.217583350816874
2144.92,1.0307075202829543,1.1353606854611227e-08,1.9051299250913116e-10,59.59492161180061
2147.92,1.0185481310859228,6.173292856751456e-09,1.9621549187332936e-10,31.461801501059572
2150.92,1.0084855942343303,1.4808698601076472e-08,1.6710951709040785e-10,88.61672787352275
2153.92,1.0028809152436153,3.652342248104343e-09,1.6386447261774085e-10,22.288798723469732
2156.92,0.9842957958156647,4.548483823583302e-09,1.167472771110646e-10,38.960084861390094
2159.92,0.9866159285950052,6.0964749399078494e-09,1.9956818716387537e-10,30.548330505711967
2162.92,1.0047481242952954,7.147984518299667e-09,1.836415598838943e-10,38.92356677224325
2165.92,1.0170835722300084,9.764410125651336e-09,1.983510997216322e-10,49.22791020243801
2168.92,1.0189673782231168,7.682935547802276e-09,1.6640379770661092e-10,46.1704339305295
2171.92,1.026136214504452,7.6328637851683e-09,1.4220175764877025e-10,53.67629705408433
2174.92,1.0015557903572965,7.80333180595475e-09,2.362534330484776e-10,33.02949593267311
2177.92,0.981967381878075,4.949917700491551e-09,1.3800385092656595e-10,35.86796793899238
2180.92,0.9677595560341391,8.123366546410368e-09,1.686106222500794e-10,48.178260883006395
2183.92,0.9594755514932477,4.911279074172288e-09,1.6710644036840662e-10,29.390124422163332
2186.92,0.963309987313603,9.974311928296584e-09,1.7104412685136244e-10,58.31426142427137
2189.92,0.9851253529276528,6.247157565758654e-09,1.8764957117736604e-10,33.291616530548055
2192.92,0.9939334893632553,4.660304765952913e-09,1.6709723589412401e-10,27.889777715448094
2195.92,0.9918429783893119,5.115833556607653e-09,1.8492272156816486e-10,27.664710497578806
2198.92,0.9805670182225281,7.099580177419081e-09,1.6283693077022328e-10,43.59932445200156
2201.92,0.9844647951825775,6.692793001913768e-09,1.9807144986312075e-10,33.78979154511611
2204.92,0.9776215615724843,7.710862250768967e-09,1.8058875713373964e-10,42.69846236916338
2207.92,0.9676475019320252,8.738054174945982e-09,1.5415624096521781e-10,56.683103585261556
2210.92,0.9663158292735551,1.1050865401124078e-08,1.6483626269014222e-10,67.04147024916112
2213.92,0.9701455646547713,8.86187831160438e-09,1.5186499706466103e-10,58.35365938756232
2216.92,0.9506488867819791,6.403322756029225e-09,1.6726358853376815e-10,38.28282540247237
2219.92,0.9438716970031905,5.125554641550416e-09,1.734726660630065e-10,29.546756603652927
2222.92,0.9425691447290708,5.225634205982368e-09,1.8450882979395647e-10,28.321865201887114
2225.92,0.9447808947983388,4.769625963575246e-09,1.0452045829598469e-10,45.63341991927028
2228.92,0.9522245855066904,7.635136787142203e-09,1.7842736453288314e-10,42.7912882484743
2231.92,0.9652408894943498,4.526057976044056e-09,2.065737730875099e-10,21.91012880481542
2234.92,0.9782978507664053,5.475809645650086e-09,1.7542658338306913e-10,31.214252367287283
2237.92,0.9912270014427632,4.463107344905471e-09,2.2651166537913534e-10,19.70365339654856
2240.92,0.9966505045653551,7.974188904130092e-10,1.0812287479088233e-10,7.375117355650009
2243.92,1.0003050673740506,5.617388179227411e-09,8.941640655119624e-11,62.82279053577399
2246.92,1.0030556435879256,2.26028405352684e-09,2.8848849069476807e-10,7.834919334505818
2249.92,0.9985820965959286,4.235408508504631e-09,1.516060669802736e-10,27.936932821136544
2252.92,0.9957294956116366,5.175667246276976e-09,1.6434504540445752e-10,31.49268804264541
2255.92,0.997090582978414,1.4607419305270782e-09,1.5979377872836962e-10,9.141419285228654
2258.92,0.9867771773552839,3.912446427705296e-09,1.2654237071198576e-10,30.91807436269818
2261.92,0.9869626775911599,2.8696729712548506e-09,2.2873543920212441e-10,12.545817042015228
2264.92,0.9863884849710804,8.9458065603974e-09,1.5438593843390324e-10,57.94443879503534
2267.92,0.9769947721570924,9.337458616608758e-09,1.7359214022192696e-10,53.78963935044171
2270.92,0.9695530825182183,5.3054131146171826e-09,2.1132150323435352e-10,25.10588384719907
2273.92,0.9727815285431416,6.9977578850191385e-09,1.4338308711634942e-10,48.80462560651068
2276.92,0.9506835883901649,4.324904315781685e-09,2.0205546064853394e-10,21.404540624144055
2279.92,0.9309033153073463,9.815018853536578e-09,1.5772885928836685e-10,62.227159302485845
2282.92,0.9136401890126195,7.674947118877786e-09,1.7190375397854767e-10,44.64676856234078
2285.92,0.8863075947562088,7.148951321753202e-09,1.7726985441611587e-10,40.32807126344252
2288.92,0.8572881656248054,5.761051237112794e-09,1.4508506418834443e-10,39.708093106220744
2291.92,0.8467175242344179,5.3893037378736815e-09,1.6391181411577133e-10,32.87928796924426
2294.92,0.8523102085975308,6.29216733111201e-09,1.4441654082274291e-10,43.569575169613195
2297.92,0.8630549392433857,8.889503516427133e-09,1.7203070007184626e-10,51.67393676079068
2300.92,0.882333552690775,6.794681855476573e-09,2.0221468976252717e-10,33.60132670606658
2303.92,0.8943862679953698,7.665263967274024e-09,1.9540829601027761e-10,39.22691167047926
2306.92,0.8978597561420253,5.860013023136474e-09,1.8591241808859828e-10,31.520288334606196
2309.92,0.8829535973965118,1.2250016834677925e-08,1.303769872165624e-10,93.9584285248904
2312.92,0.8785089565415163,9.254015057711999e-09,1.099747710570994e-10,84.14670900207896
2315.92,0.8695318954218919,5.354144543595055e-09,1.614659359742421e-10,33.15959190580716
2318.92,0.8746411274382364,5.432999180399704e-09,1.700129712207199e-10,31.95638039491878
2321.92,0.8757398145589433,6.225735393609563e-09,1.7581904962378368e-10,35.40990243623399
2324.92,0.8691221050428967,9.058925008347587e-09,1.6154415250069487e-10,56.07708399292646
2327.92,0.8678865235749408,4.804766358383404e-09,1.4220549334678182e-10,33.78748770742996
2330.92,0.8878278016180063,2.754006428251244e-09,1.4482422834577097e-10,19.01619956624933
2333.92,0.9040212708321826,7.461426773159397e-09,1.4070511020860436e-10,53.02882576259919
2336.92,0.9215360995177339,6.67757068919423e-09,1.7843647744726554e-10,37.422677160659006
2339.92,0.9523232305423405,3.624988074199853e-09,1.5933614658488512e-10,22.75056948404779
2342.92,0.9596974857176256,8.96678196661141e-09,1.7744434363371906e-10,50.53292645450936
2345.92,0.9269803507260995,8.976062776537674e-09,1.4951008166276164e-10,60.03650507518474
2348.92,0.9094277713324447,6.7284156035119666e-09,1.341475676272104e-10,50.156821495339436
2351.92,0.9069573040027077,5.988280957795841e-09,1.6602594401886673e-10,36.068344578214536
2354.92,0.901146367821709,4.960360857652576e-09,1.2403272438399531e-10,39.9923559067823
2357.92,0.9074750938773345,5.002340527259764e-09,1.3586961816515733e-10,36.817211933127915
2360.92,0.9317691583103646,2.7695944696135437e-09,1.081292452970164e-10,25.613740870990476
2363.92,0.93362679431409,4.034593245676166e-09,2.0905826334553052e-10,19.298893911731245
2366.92,0.9281151381600193,8.416173086354395e-09,1.5150632765037335e-10,55.54997746217008
2369.92,0.9324035577484189,4.035332868369062e-09,1.5663315736596253e-10,25.76295425712952
2372.92,0.9615782189021487,3.164465543996689e-09,1.3855371022243565e-10,22.839269615490057
2375.92,0.959571786681515,7.57188969264873e-09,1.8317744201298585e-10,41.33636549041853
2378.92,0.9667641460338036,5.39838469631505e-09,1.776923138011165e-10,30.380518891533114
2381.92,0.9762660834422441,1.363168174534371e-08,2.0618384772594915e-10,66.11420776016541
2384.92,0.973731870864083,5.3656197240929045e-09,1.7866419333474693e-10,30.031869419071725
2387.92,0.9338539105832183,4.916638441730403e-09,1.4958770276428816e-10,32.86793199490311
2390.92,0.9279442190124838,4.791900912774851e-09,1.9698059385041803e-10,24.326766505809687
2393.92,0.9180727959628775,5.05316141151125e-09,1.641065299583634e-10,30.791958204181896
2396.92,0.9150596998612732,8.997481558047197e-09,1.964655458709002e-10,45.79674017733138
2399.92,0.9183054262318221,4.8896983096129125e-09,1.8775684435033166e-10,26.042716719766148
2402.92,0.920795434308069,7.297204579310772e-09,1.4901028283039796e-10,48.971147767140195
2405.92,0.912309344344064,6.581054894046725e-09,1.698289849659788e-10,38.751070056534125
2408.92,0.9178340088379721,6.779070066636311e-09,1.5493067451334068e-10,43.75550605411314
2411.92,0.921202976033447,8.9926380363321e-09,1.7895473506564173e-10,50.250908605651276
2414.92,0.9203440747394338,6.788239735080127e-09,1.900419086928613e-10,35.71969878523494
2417.92,0.9223925225123145,7.946281570417225e-09,1.582967744365615e-10,50.19863227599594
2420.92,0.9260346244654709,6.19640250848371e-09,1.904088308068154e-10,32.542621485714825
2423.92,0.9328446781120466,6.363644617528587e-09,1.2217531719452058e-10,52.08617226175688
2426.92,0.9383417114149967,6.496687865620887e-09,2.20942848033637e-10,29.404381827429926
2429.92,0.9459181816853288,9.874585459667414e-09,1.653639846619501e-10,59.7142447906889
2432.92,0.9579837389238891,9.179402000572956e-09,1.81193184640941e-10,50.660856912268486
2435.92,0.9775435795939801,6.755913783335505e-09,1.861150243085619e-10,36.29966902690678
2438.92,0.9698085346016283,9.158728244956848e-09,1.4329221148041217e-10,63.91644144740437
2441.92,0.9515212206424684,5.787823694314035e-09,1.9279110047600602e-10,30.02121819951105
2444.92,0.9335718264228853,7.3192991484768365e-09,1.3947366838431e-10,52.47799984946991
2447.92,0.9021080780172569,8.789358071703015e-09,1.6265475891866433e-10,54.03689464811873
2450.92,0.8792645764334415,4.865665741887817e-09,1.349779319081678e-10,36.04786110664498
2453.92,0.8696629813754931,6.9480558892650726e-09,1.7010188250038037e-10,40.84643736526276
2456.92,0.8530014254023582,5.950994929593511e-09,1.6831186986568962e-10,35.356953341094226
2459.92,0.84056081067077,8.2214089515611e-09,2.1393811363050785e-10,38.4289120439768
2462.92,0.8315916007750155,4.97566415382179e-09,1.938056276531673e-10,25.67347612178833
2465.92,0.8186278811873106,5.882296871989482e-09,1.645080728179822e-10,35.75688883364327
2468.92,0.8172948556937146,6.06533330156441e-09,1.5454642248120804e-10,39.246028501901556
2471.92,0.8152455614012535,5.070935824231553e-09,1.6075137286401753e-10,31.545210058772863
2474.92,0.8127854042474226,8.170709664635156e-09,1.5251406550514758e-10,53.5734827969646
2477.92,0.8207872593464351,5.719092700645803e-09,1.4236185829604046e-10,40.17292812203245
2480.92,0.8314930851345247,5.11573859992567e-09,1.0173820084788388e-10,50.28336020581472
2483.92,0.834142110593367,5.437633366998746e-09,1.6649587279804477e-10,32.65926821858495
2486.92,0.8386629796106991,8.479728091981701e-09,1.8867852952846185e-10,44.94272937770881
2489.92,0.8572173121553711,7.815379029915203e-09,1.6840330842924354e-10,46.40870243472039
2492.92,0.8726361654663416,6.073852188859654e-09,1.4319908705379378e-10,42.41543932872957
2495.92,0.883467783039154,4.21927926964409e-09,1.243036488781973e-10,33.94332594193175
2498.92,0.8981041480935247,5.71396358333058e-09,2.0869894262751316e-10,27.378977159117134
2501.92,0.9276617958095775,5.000901460158371e-09,2.1106714205889745e-10,23.693415333983577
2504.92,0.9302276761640776,6.144436080221221e-09,1.8493506150007384e-10,33.2248305452818
2507.92,0.9273084930348222,5.212528897513811e-09,1.6063585972301517e-10,32.44934790090947
2510.92,0.9251637465289848,4.423455161284784e-09,1.6921795607641928e-10,26.140577890487812
2513.92,0.9145936809176313,5.27573160839951e-09,1.983780088534779e-10,26.594336937297157
2516.92,0.9004400939831765,4.141355139976921e-09,1.7429338770068846e-10,23.760827617217533
2519.92,0.8976719930860134,5.012114466490064e-09,1.385665605788728e-10,36.17116889927525
2522.92,0.8912224087861903,6.834745505312008e-09,1.4042780299891578e-10,48.67088538987381
2525.92,0.8921915290619024,6.792683054949766e-09,1.5687822384137459e-10,43.29908185229137
2528.92,0.9023310800559593,7.534568089299055e-09,1.5560062580708152e-10,48.4224793455564
2531.92,0.9139239703038725,6.2374008108698525e-09,1.5264591640557385e-10,40.86189108588623
2534.92,0.9276870925131696,3.655096143695503e-09,1.3563915919808752e-10,26.947204371545816
2537.92,0.948470222959394,6.2888710583507675e-09,1.637448360411965e-10,38.40653061430623
2540.92,0.9646830804972367,9.147008494061538e-09,1.5704638587916278e-10,58.24399232657019
2543.92,0.9521265907261917,7.690996549182137e-09,1.8616958579181745e-10,41.31177773464312
2546.92,0.944922447853707,6.359578721151817e-09,1.7400730234625815e-10,36.54776917635821
2549.92,0.9522010822042374,1.7115571972828215e-09,1.2545058253723163e-10,13.643278195020418
2552.92,0.9540667624249363,6.392225745994131e-09,1.1353673180557399e-10,56.30094899103226
2555.92,0.9472806928605969,8.116560871918027e-09,1.830734346068134e-10,44.33500081183245
2558.92,0.9543372942969759,7.4403013085147475e-09,1.978972858387552e-10,37.59678298254698
2561.92,0.9592011142222768,6.2045216830578634e-09,1.9221907061427218e-10,32.27838769186714
2564.92,0.9469582163260918,2.8659080580214395e-09,1.3085393937277447e-10,21.90158027919274
2567.92,0.9430858955359694,4.9486247064605855e-09,1.8481468062157142e-10,26.77614510826358
2570.92,0.9487405669210235,5.5531686983377e-09,2.0148831684741508e-10,27.560747864815678
2573.92,0.9609054838652692,4.448808289787563e-09,1.093417370137594e-10,40.68719238681686
2576.92,0.9702314623583295,1.067069866214257e-08,1.5442890086853733e-10,69.09780877885255
2579.92,0.9729044505347414,7.264265670572415e-09,1.5266741530661178e-10,47.58229289454547
2582.92,0.9642154147304011,5.149156767742175e-09,2.377922321314152e-10,21.654015867501126
2585.92,0.9494887835747693,5.063311884149726e-09,1.9691610613530314e-10,25.71304086558908
2588.92,0.9424069904321684,3.3293751896529554e-09,1.0030263898231971e-10,33.19329604318609
2591.92,0.9349412742475419,1.5787368848484473e-08,1.412996557196148e-10,111.72970498818361
2594.92,0.9380544074773575,5.206803790239952e-09,9.669524761366751e-11,53.84756664611912
2597.92,0.9503273276602434,7.203214391222421e-09,1.692294387559716e-10,42.564783315327524
2600.92,0.963813963823353,1.0311660959946027e-08,1.573008071674507e-10,65.55377016577545
2603.92,0.9634280465744033,6.2026924042601495e-09,1.941551906069843e-10,31.94708513776413
2606.92,0.9659404337458319,9.409227644624599e-09,1.4859747892137013e-10,63.32023741535656
2609.92,0.9633926003220346,1.7786093165475286e-09,1.80634841698874e-10,9.846435492841113
2612.92,0.9741966428093679,6.283045719907831e-09,1.5952038794525323e-10,39.38710155384118
2615.92,0.9913404838373049,1.0369550676219322e-08,1.6569103075589172e-10,62.583657237889426
2618.92,1.0072808380141651,5.158952932913744e-09,2.044295783867774e-10,25.235843920555812
2621.92,1.0158736721936024,9.494852880572169e-09,1.766961275381189e-10,53.735489356006575
2624.92,1.0122798350956048,3.746007958329243e-09,2.3499872029410893e-10,15.940546202298405
2627.92,0.9980279060428862,9.115992181260974e-09,1.9684195806019233e-10,46.31122485823573
2630.92,0.9783564392943473,8.574973277418527e-09,1.690366009027942e-10,50.728500405362695
2633.92,0.9705620076578848,4.4507475886441885e-09,1.5356694196756017e-10,28.982458930414687
2636.92,0.969728207099163,8.545183925537164e-09,1.64155877078074e-10,52.05530303050312
2639.92,0.9721671882950395,4.950618302642914e-09,1.7974297482748348e-10,27.54276381257457
2642.92,0.9567801584428882,7.941312662179807e-09,1.609548363164314e-10,49.338763866451785
2645.92,0.9381759816858297,3.989247509079635e-09,2.239967992367965e-10,17.809395146144176
2648.92,0.9448399197620523,8.583110058837346e-09,1.1838365012945098e-10,72.50249548355559
2651.92,0.9469515198928354,9.824098550880663e-09,1.5992119412005933e-10,61.43087290547189
2654.92,0.9575020088794011,6.6792855871863294e-09,1.6881821495548895e-10,39.56495801680765
2657.92,0.9822808182829373,9.00026826416392e-09,1.909949031924408e-10,47.12308084522819
2660.92,1.011976783346004,6.726763497060022e-09,1.9362993577028062e-10,34.74030743386985
2663.92,0.9982553471765749,8.995830899697482e-09,1.6908561218592868e-10,53.20281710193977
2666.92,0.994509146241628,6.612603319913843e-09,2.0143897218688712e-10,32.826832107636704
2669.92,0.9821364489949772,8.659444786689482e-09,1.8023992925131463e-10,48.04398682722143
2672.92,0.9687949997239116,9.104845215412443e-09,1.6466618666216934e-10,55.292743458570676
2675.92,0.9699934590457131,1.1175563060658979e-08,2.041175482916496e-10,54.750623619538
2678.92,0.9773020396673383,3.894012568701158e-09,2.210496827173182e-10,17.616006143202124
2681.92,0.9729468232516743,8.8736425551964e-09,1.625331363590706e-10,54.595898128690614
2684.92,0.972577383491631,8.961839230052254e-09,1.879004255107864e-10,47.694619135057785
2687.92,0.9752848635989828,8.641997950268861e-09,1.8150708518190476e-10,47.61245513698778
2690.92,0.970320742365673,7.680581064111844e-09,1.7063730111491134e-10,45.01114946104048
2693.92,0.9663120986762587,6.602263989171737e-09,1.9884844514722677e-10,33.20249240210775
2696.92,0.9546186574997991,7.60059200823488e-09,1.7884820156110695e-10,42.49744723118163
2699.92,0.9468469285160134,9.449535237482605e-09,1.4697676409346568e-10,64.29271521771592
2702.92,0.9489077282320637,3.705571682246771e-09,2.158336395160542e-10,17.16864753129061
2705.92,0.9477852344084797,7.0973497006716305e-09,1.521701652557734e-10,46.640875290778155
2708.92,0.9549707882265038,7.680572561321672e-09,1.3717417300316092e-10,55.991389582823935
2711.92,0.9785576810304454,7.26100983155043e-09,1.8247966096483754e-10,39.79078979629172
2714.92,0.9963395139933077,8.720271888661907e-09,1.3601987253387678e-10,64.11027834546792
2717.92,1.003980533715611,5.079164405779014e-09,1.9828161780968037e-10,25.615911660828914
2720.92,1.0145283927358584,9.751242923291803e-09,2.103029152816229e-10,46.36760698363893
2723.92,1.0200156985846802,6.051456452997363e-09,2.195735131416524e-10,27.560047504880135
2726.92,1.019666169326323,6.959725977551613e-09,1.7515318673535356e-10,39.73508051593352
2729.92,1.024368961977346,5.5780341798382465e-09,7.764540441668403e-11,71.83984965682873
2732.92,1.023859282887164,8.917700232121747e-09,1.3614971987291252e-10,65.49921836376805
2735.92,1.0291873158716827,7.364847756236293e-09,1.8412283986475268e-10,39.9996424215819
2738.92,1.0345850503971454,5.841138839233722e-09,2.1256089296055848e-10,27.479837696756235
2741.92,1.031233401091786,7.710237737772414e-09,1.725040539462772e-10,44.69597995751223
2744.92,1.024858210778621,3.6777089955303935e-09,1.0253244592464162e-10,35.86873367122641
2747.92,1.0309180800643138,8.416663150315342e-09,1.6665313102798028e-10,50.504080531809656
2750.92,1.0278222449378134,8.141718036565061e-09,2.048838221062674e-10,39.738218239320936
2753.92,1.0223470341916598,8.08280383707175e-09,1.1581730801808667e-10,69.78925667836705
2756.92,1.0206803009852978,4.197580135302825e-09,1.5711920359109436e-10,26.715894934314367
2759.92,1.018791661797173,6.014982491431919e-09,1.8403734873506913e-10,32.68348806790726
2762.92,0.9959562975517926,2.2571541742903666e-09,2.022885426786769e-10,11.158092022422245
2765.92,0.9728435309013816,1.059617200388742e-08,1.904662856052127e-10,55.632795957655944
2768.92,0.9422117474982276,3.8862106565745955e-09,9.123334686286452e-11,42.59638378076901
2771.92,0.8967932568442815,4.603120637082935e-09,1.418994976634926e-10,32.43930185009534
2774.92,0.8597137476915003,5.440030093351945e-09,1.4786707099932977e-10,36.790003728258085
2777.92,0.8388621481917099,7.973220602809715e-09,1.3875467389144726e-10,57.462717321129304
2780.92,0.8060015132639927,6.863894121994921e-09,1.6222988957830187e-10,42.309676347785434
2783.92,0.7799729973936703,5.855873054679814e-09,1.5904850082498214e-10,36.81815939355285
2786.92,0.7745066874266806,5.659144546054478e-09,1.7674399557877534e-10,32.018878647179726
2789.92,0.764491909532126,4.7736118384169475e-09,1.5780355824800484e-10,30.250343473971075
2792.92,0.7502087742537817,8.005321148128693e-09,1.6053939508038597e-10,49.865150819337735
2795.92,0.7426461311564893,9.064415724829483e-09,1.5131873318217375e-10,59.902799436714595
2798.92,0.7398497862626252,6.521181617567104e-09,1.5081922447148097e-10,43.238397760096035
2801.92,0.7276695619909955,6.599456866489327e-09,1.475209820579473e-10,44.73571673958226
2804.92,0.7215832942270545,6.873766443205267e-09,1.3599971061874412e-10,50.542507862203436
2807.92,0.7165265640176686,9.281513191324287e-09,1.2225713170468465e-10,75.91796946246072
2810.92,0.727352099844492,3.6630639316300296e-09,1.4149500186299676e-10,25.88829204848387
2813.92,0.7555571800779516,5.5196397999973804e-09,1.5819176844655204e-10,34.892079747261256
2816.92,0.7666615960175855,7.662851536703309e-09,1.5220437963219887e-10,50.345801843682494
2819.92,0.7720841045642337,1.1542110228647927e-08,1.231719262004225e-10,93.70731289747692
2822.92,0.7722080599161539,1.091243966329501e-08,1.6363413431034972e-10,66.68803981080376
2825.92,0.7577934648807884,8.76084081965151e-09,1.8801150104224632e-10,46.597366496653535
2828.92,0.7274861309481597,4.312625606607627e-09,1.3918614170648853e-10,30.984590518371864
2831.92,0.7276751041717914,6.085234065101859e-09,1.3526769165078208e-10,44.98660390251936
2834.92,0.7298675298628535,5.146346009252704e-09,1.4484333665081283e-10,35.53042983026188
2837.92,0.7405857050956799,8.040057268093647e-09,1.5908919941742375e-10,50.53804593609065
2840.92,0.7573494536778979,5.3497945136102195e-09,1.655508788031349e-10,32.31510791296938
2843.92,0.7734409519779755,6.552919830678214e-09,1.5908041022263672e-10,41.192500204816234
2846.92,0.7832307265193758,4.519711360161089e-09,1.8307255553385557e-10,24.68808799320693
2849.92,0.7987900110142166,4.8148618274441035e-09,1.7182151733907503e-10,28.022461342501046
2852.92,0.7999479695961274,4.0228326317141984e-09,1.423307682138734e-10,28.26397048366441
2855.92,0.7978339816227694,7.338078548391785e-09,1.7111122178128046e-10,42.88484689666666
2858.92,0.7994807864858222,9.033530420009253e-09,1.490192645201761e-10,60.61988326875805
2861.92,0.8017618383571676,9.191231501990783e-09,1.6565476620561354e-10,55.48425627900418
2864.92,0.8011595731757764,5.070510581163142e-09,1.4196778084342888e-10,35.7159247756026
2867.92,0.8155882149966073,6.322769225119578e-09,1.720881492678842e-10,36.74145635256453
2870.92,0.8323065538983258,7.484888852732041e-09,1.209909901214561e-10,61.86319200477969
2873.92,0.8454563618746231,6.068540331601258e-09,1.558133272914295e-10,38.9475049220328
2876.92,0.8636220103077977,4.967682439246806e-09,1.5449529723071037e-10,32.15426312833642
2879.92,0.883914749049778,6.79919046025028e-09,2.2251894652637987e-10,30.555557476739306
2882.92,0.9018601239443965,9.43115882262181e-09,1.7906903746027247e-10,52.66772500921142
2885.92,0.9214509195505425,7.1719891629972486e-09,1.4646136318013372e-10,48.968472007026016
2888.92,0.9401042055729724,8.107008758277907e-09,1.6120409006856267e-10,50.29034160876357
2891.92,0.9598812159451787,8.653413479596193e-09,1.7702812937623577e-10,48.881573284916755
2894.92,0.9774690384996236,4.941681841352661e-09,9.457616291721525e-11,52.2508176365564
2897.92,0.9884075304283169,9.615086344243656e-09,1.81281940921618e-10,53.039405333821925
2900.92,0.9906742372967997,7.491017699634103e-09,1.749289043876987e-10,42.82321281239834
2903.92,0.980479563941532,8.681937891230768e-09,1.5432185441276485e-10,56.25864155318649
2906.92,0.9772245166215283,8.93290984366484e-09,1.8323940151682331e-10,48.74994007686008
2909.92,0.9745791809510136,2.709120399425652e-09,1.332826366208148e-10,20.326131506034205
2912.92,0.975601846257193,6.69762512128252e-09,1.4839885961724442e-10,45.132591574876464
2915.92,0.9884225205297529,7.1364326730513705e-09,1.8231591753316432e-10,39.143223310456214
2918.92,1.016020452916262,6.632174597259365e-09,1.4475849240850786e-10,45.815443964029384
2921.92,1.0302300505279138,9.352873223706916e-09,1.95767189731732e-10,47.77548902103336
2924.92,1.0287199758245107,7.238907532721041e-09,2.4842103781511593e-10,29.139671890866595
2927.92,1.0235502027809655,5.660815851925511e-09,2.2470800839850835e-10,25.191874078142952
2930.92,1.0114735952160558,1.1859618212358643e-08,2.1512751692114264e-10,55.128318227676644
2933.92,1.0000607326079791,5.789408416256967e-09,1.699641763329578e-10,34.06252153345294
2936.92,0.9887179263029826,4.901313602655004e-09,2.0166188909887272e-10,24.304610179724843
2939.92,0.993521992931008,1.172089324228952e-08,1.6511879999367597e-10,70.98460770510947
2942.92,0.9991301782104064,4.328769803903734e-09,2.4002008568720064e-10,18.03503149126061
2945.92,0.9915341763729314,1.0449242026957036e-08,2.498132707681182e-10,41.828210306153984
2948.92,0.9733339357765702,6.630244196981312e-09,1.4627951224923496e-10,45.32585660857635
2951.92,0.966806550003303,7.354551938335711e-09,2.123527168506702e-10,34.63366067271721
2954.92,0.954991636332244,1.064046978959037e-08,1.7513692628054996e-10,60.75514750410496
2957.92,0.9480096907725302,5.9635415266033866e-09,1.7124779344763276e-10,34.82404886242827
2960.92,0.9613925170393106,8.55333137300418e-09,1.6144745437832608e-10,52.97904142211389
2963.92,0.9814713328129153,6.191864787384258e-09,1.6744735856198756e-10,36.97797827663005
2966.92,0.9838049550813652,1.1357751348441756e-08,1.8081697315624403e-10,62.81352436215995
2969.92,0.9886688623481846,8.844248887191104e-09,1.900430282726203e-10,46.538139112916376
2972.92,0.9977668674583487,3.4005095692176776e-09,2.236161705947624e-10,15.206903687569566
2975.92,0.9929628002098402,6.108024465885079e-09,9.21693458345462e-11,66.26958681956617
2978.92,0.9870675017961578,4.739159230237528e-09,2.1256585961664365e-10,22.29501594839578
2981.92,0.9894989082495806,5.3304986536931486e-09,9.492770006004188e-11,56.15324768557125
2984.92,0.9860794069738352,7.034309392684272e-09,1.7551953810836822e-10,40.077073290502796
2987.92,0.978825442384944,3.391005075432317e-09,7.887699438011762e-11,42.99105337470975
2990.92,0.9799767521346512,1.3442911320592545e-09,1.4864112380704375e-10,9.043870885989303
2993.92,0.9812914219447965,2.0176892455371435e-09,1.9664242351425438e-10,10.260701681145033
2996.92,0.9719850260688956,6.673776350929591e-09,1.0932567941779854e-10,61.04491082488604
2999.92,0.9676853867138325,6.45031843798911e-09,1.8040336040937687e-10,35.75497941585926
3002.92,0.9672541521156125,1.02430297863149e-09,9.651051746325036e-11,10.613381894066913
3005.92,0.9638910638880099,3.962353440382535e-09,2.1369733740063392e-10,18.541894291148903
3008.92,0.9458416866402327,2.518301485276865e-09,1.480263980678024e-10,17.012516133260068
3011.92,0.9477412703684006,8.876850791776075e-09,1.8860468522111922e-10,47.06590815264689
3014.92,0.9567855480425775,5.538091493351459e-09,2.2516715947325012e-10,24.595467235573423
3017.92,0.9610580837377705,3.908972301170993e-09,1.7646838002248546e-10,22.151120221497557
3020.92,0.968435220188396,8.810661256227888e-09,1.9438970858163497e-10,45.32473102879212
3023.92,0.9935947003760134,5.71388498528513e-09,2.332903532915538e-10,24.49259004783718
3026.92,1.0029500571585024,4.8301756233327614e-09,1.269674748206629e-10,38.04262178290318
3029.92,0.9990435321607358,6.3135404500426935e-09,1.3703730072273137e-10,46.07169301164891
3032.92,0.9957955679336324,4.006408855884214e-09,1.7177301758854427e-10,23.32385442212436
3035.92,0.9958266059113744,7.775277651049926e-09,1.3823682708941253e-10,56.24606564516142
3038.92,0.9988413391323651,4.681095902519373e-09,1.0313423175555198e-10,45.388381944944065
3041.92,1.0027383473853178,5.890976547149249e-09,1.148237700949673e-10,51.304503782422394
3044.92,1.010738727533644,4.6946804530415505e-09,1.8304316485354104e-10,25.64794187643074
3047.92,1.0200281501217103,4.516512179671878e-09,1.744940187759797e-10,25.883478478825698
3050.92,1.0189566036697906,4.640115042431663e-09,7.523355515394539e-11,61.676136837304924
3053.92,1.0061813857164594,9.548689017512322e-09,2.0657308995761465e-10,46.22426386453121
3056.92,0.9799012849182634,9.327153502516845e-09,1.4933340161317703e-10,62.45858864634492
3059.92,0.9707875786845275,6.395404464445654e-09,1.9674057780888806e-10,32.5067890705195
3062.92,0.9725887504967193,5.6554723066013455e-09,1.564426270516334e-10,36.15045600541325
3065.92,0.9780847147156613,4.806831307923143e-09,9.102707084467541e-11,52.80661305827701
3068.92,0.9858293581638251,5.050886853388927e-09,1.9089653553668171e-10,26.458766468385562
3071.92,1.0030965291926248,1.1320696942966663e-08,1.515332126240422e-10,74.70769441847447
3074.92,0.9945108857321535,3.9399623072618025e-09,1.807626531457408e-10,21.79632926766785
3077.92,0.9824268610854189,5.444249652938056e-09,1.3024028824150667e-10,41.801578654699355
3080.92,0.9729467088746168,5.969022831982505e-09,1.377671496876931e-10,43.32689502188144
3083.92,0.9711063714454164,3.8543104828495174e-09,2.0158195188175715e-10,19.120315320244334
3086.92,0.9782010969091547,5.0730822023300635e-09,1.2702530635680076e-10,39.93757108587723
3089.92,0.9947540430940798,4.001275684800383e-09,1.1435044944228422e-10,34.9913420044749
3092.92,1.0052479113332775,6.088939999473044e-09,1.4051096320539234e-10,43.33426987168622
3095.92,1.0066128698635837,4.9830652702326616e-09,1.5349796863958024e-10,32.46339553804201
3098.92,0.985852180804288,4.599551365626385e-09,1.9248347235203318e-10,23.89582497355545
3101.92,0.9697591354029317,5.971897090380412e-09,1.2663737811502863e-10,47.15745997959587
3104.92,0.9604568819249907,6.7072465177506335e-09,2.131122630118286e-10,31.472832313635344
3107.92,0.9384344932732457,4.112058550584801e-09,1.9826653759852637e-10,20.740053265626628
3110.92,0.9164281137382254,5.795486846570724e-09,1.5677860180826192e-10,36.96605773827812
3113.92,0.9147396721355223,5.455164011802623e-09,1.7743380066388673e-10,30.74478476700363
3116.92,0.9074575863888695,6.558321430775213e-09,1.6930559377266188e-10,38.736590354962026
3119.92,0.8939114754287324,4.7004165667176315e-09,1.6315125101233934e-10,28.810177902724956
3122.92,0.8921453765738452,4.963908509514062e-09,1.4536648048683795e-10,34.147545520052084
3125.92,0.8944105365208087,6.960866903941857e-09,1.47902484589073e-10,47.06389431713526
3128.92,0.8908938574046661,4.7690871982733565e-09,1.6058738752426873e-10,29.697769369046053
3131.92,0.8925651275964702,6.980560323318825e-09,1.4949200352166548e-10,46.69520883307414
3134.92,0.8974912625714767,5.379277930430591e-09,1.7369593160164854e-10,30.969510228756192
3137.92,0.9003528435963896,7.3505327567122314e-09,1.4923341306211096e-10,49.25527471286165
3140.92,0.9019849967595177,5.829063657610067e-09,1.7619561850493027e-10,33.082909252064965
3143.92,0.9122075967572306,5.795252163686463e-09,1.7248455966001642e-10,33.59867210786554
3146.92,0.9285278721913439,8.369289486080398e-09,1.7652125769018203e-10,47.412360389872134
3149.92,0.9181506623213483,5.9038618761395e-09,1.787125356966671e-10,33.035521840282435
3152.92,0.9154605897420308,7.290268979251729e-09,1.4954672414649698e-10,48.74910514328707
3155.92,0.9157595653515064,4.2929059199964235e-09,1.8537508916338754e-10,23.1579439253173
3158.92,0.9133788084279494,5.405867888078154e-09,1.7424751477539806e-10,31.02407454732552
3161.92,0.9028292633866162,6.057323203999773e-09,1.6040736816635452e-10,37.76212572553321
3164.92,0.9198562766187518,4.266324471802542e-09,1.4597350012015684e-10,29.22670531494246
3167.92,0.9318753688045546,5.36388198339349e-09,1.657301081563177e-10,32.36516311408089
3170.92,0.9411718041306715,5.092471004774693e-09,1.5761716653982476e-10,32.30911401701914
3173.92,0.9366849009645749,1.0089697010720756e-08,1.7534385368102574e-10,57.54234778639737
3176.92,0.9178950114427863,6.856612448623638e-09,1.6160704240642013e-10,42.42768351257969
3179.92,0.9054777552047617,4.510425187845862e-09,1.2621522450793916e-10,35.73598355848227
3182.92,0.8952769793247457,4.339627125169408e-09,1.7107855263021907e-10,25.366283841256106
3185.92,0.884349066260191,5.1778596383130414e-09,1.48936571395377e-10,34.76553535375505
3188.92,0.8826871935246293,5.3535907974851374e-09,2.2265048372154714e-10,24.0448199707506
3191.92,0.8937928107386744,4.131729023878024e-09,1.388467600760193e-10,29.75747523108124
3194.92,0.9039196101847434,5.073052633766121e-09,1.586646175512128e-10,31.973433724936637
3197.92,0.9096390822548415,5.447777459134708e-09,1.507161522014802e-10,36.145943082809175
3200.92,0.9327923879338064,9.812460808948329e-09,1.4430479430733567e-10,67.99816219584547
3203.92,0.9524443836427552,7.258296464620032e-09,1.776684947741077e-10,40.85303066167368
3206.92,0.9615768392667596,6.9742125871808305e-09,1.6504643262667472e-10,42.25606380088255
3209.92,0.97208570849262,4.0642444708328185e-09,1.5157236765937984e-10,26.813887871476478
3212.92,0.9891729701244589,7.797220852543814e-09,1.56308088215909e-10,49.88366847513022
3215.92,0.9957712546010451,9.221265503658794e-09,2.4462274335155565e-10,37.6958633417278
3218.92,1.0112136994048417,1.1048200321653277e-08,2.0521504717171117e-10,53.83718432892901
3221.92,1.0381190884610367,7.02879927065243e-09,1.5515254789653635e-10,45.302506249137416
3224.92,1.0556831377255997,4.52709725333585e-09,1.8067493983600895e-10,25.056586472063618
3227.92,1.0652926697359,7.724279774092553e-09,1.3066337641751512e-10,59.11587459220999
3230.92,1.0659384640763285,6.079822094247699e-09,1.5602313354735806e-10,38.96743999441773
3233.92,1.0659428113765743,8.591780531562325e-09,1.9680580947443417e-10,43.656132684835356
3236.92,1.0520356532965094,3.8116268007511e-09,1.3012032468865626e-10,29.29309321869063
3239.92,1.044211981414689,6.425312410925273e-09,1.7880413666592108e-10,35.934920358863806
3242.92,1.0326634700958888,6.963617433419615e-09,1.8960668954168737e-10,36.72664424579059
3245.92,1.011317019193056,1.000366857001997e-08,1.4413952143331162e-10,69.40267645226173
3248.92,0.9939593141177555,7.094137635143125e-09,1.411541096823411e-10,50.258101950471435
3251.92,0.9922477134264671,2.735093392046712e-09,1.6065564348810572e-10,17.02457089376513
3254.92,0.9778864607121224,5.684320619044793e-09,1.8263514401733617e-10,31.123914565453095
3257.92,0.9618424698029099,5.354040283008778e-09,1.6264958267553905e-10,32.9176392274505
3260.92,0.9624206363803962,7.608196924792659e-09,1.4250223583294669e-10,53.39001792022153
3263.92,0.9637190285177418,5.813516122492851e-09,1.2444975336594393e-10,46.713761701063675
3266.92,0.965525264426586,5.489505936757258e-09,2.235449388282609e-10,24.556610252646287
3269.92,0.9693268821118263,3.992122617080461e-09,2.0611963224605625e-10,19.367988257978485
3272.92,0.9820238106085846,5.463752878554369e-09,1.7681420116037556e-10,30.901097551539927
3275.92,0.9898363757106033,9.759491621018186e-09,1.9519819479766767e-10,49.99785797780747
3278.92,0.9858371587205207,8.211864519861444e-09,1.7252981865394463e-10,47.596784045386194
3281.92,0.984612135983744,6.87441646413616e-09,2.0306286525566828e-10,33.85363668281179
3284.92,0.9914988396890388,5.740416198149954e-09,1.9450269265961776e-10,29.51329937727781
3287.92,0.9936831254998141,6.132417821829644e-09,1.6262468068284803e-10,37.7090229851958
3290.92,0.99454732009753,6.73867090857275e-09,2.4153124163547275e-10,27.899789952402863
3293.92,1.0044324983083783,9.543594759093431e-09,2.014621383416342e-10,47.371654235644286
3296.92,1.008397029108255,8.428795805846738e-09,1.4799698027750782e-10,56.95248504423521
3299.92,1.0062435670371657,5.6375101230594785e-09,1.377878796171367e-10,40.914412346892234
3302.92,1.0058018978913004,4.7645996238362455e-09,1.7558615198369913e-10,27.13539518924349
3305.92,1.0048537048252324,2.0305960935705393e-09,1.5471911948074633e-10,13.124403114401334
3308.92,1.0021597417107229,7.889542191717645e-09,1.3788848678816653e-10,57.21683061065196
3311.92,1.0016192476754207,1.2060544287211602e-08,1.6198431502241397e-10,74.4550130396438
3314.92,0.9970717661822458,5.113226436925796e-09,1.8470517900089128e-10,27.683178482510893
3317.92,0.9674219696326597,4.710553260989982e-09,2.1588109784938714e-10,21.820128338778293
3320.92,0.9565161118558789,3.8149160417908754e-09,1.0024928315663387e-10,38.05429746395576
3323.92,0.9670592819781256,4.672593934779152e-09,1.1962438118965813e-10,39.0605484292621
3326.92,0.9593278539329259,7.659719702300888e-09,1.69339306977343e-10,45.2329694683688
3329.92,0.9687357575346947,1.0414711645787683e-08,1.629236836017171e-10,63.92386555196889
3332.92,0.9913102812587109,8.075793051032047e-09,1.8250630857747977e-10,44.24939123462472
3335.92,0.9817818010581743,8.821710724880286e-09,1.5483253962009643e-10,56.97581882029193
3338.92,0.9468802267040601,4.294073631985907e-09,1.1497474555492896e-10,37.34797247221931
3341.92,0.9568145935578602,6.246273855336348e-09,1.408903583008964e-10,44.334288951102806
3344.92,0.9602048948948035,8.64198205050225e-09,1.705064895104841e-10,50.68418260978197
3347.92,0.960529259322417,6.389984935955428e-09,1.6712332779630928e-10,38.235146584345024
3350.92,0.9876726462685683,6.190301735120666e-09,1.7150652628879908e-10,36.09368033433809
3353.92,1.0237114833321035,7.054602589017582e-09,1.5350621525686278e-10,45.95646226579866
3356.92,1.0218809963195843,8.002797195819947e-09,1.7028181812301285e-10,46.99736756415572
3359.92,1.0121176796131877,5.454228457997491e-09,2.405464397271683e-10,22.674326272231532
3362.92,1.0234695767186308,7.871494746216952e-09,1.9200302477188214e-10,40.99672260668308
3365.92,1.0242151984712076,6.227170869117512e-09,1.753092073198435e-10,35.521071393337195
3368.92,1.0192643344776668,2.8113377137862996e-09,1.5613661342301098e-10,18.005627585694594
3371.92,1.0184680473677008,8.185979215963588e-09,1.42495246881667e-10,57.44738435213568
3374.92,1.0142474650008948,5.7617634699247846e-09,1.926476964975996e-10,29.90829153255189
3377.92,0.996759185440653,3.9403304054571945e-09,1.7775268041453402e-10,22.16748797412234
3380.92,0.9736026899115982,9.807135155716034e-09,1.7070570021473947e-10,57.450542913207556
3383.92,0.9615581021321926,3.1886431528342012e-09,1.787573628721496e-10,17.8378283366978
3386.92,0.9525630379211375,7.622780717216902e-09,1.3267881575163425e-10,57.45288480329995
3389.92,0.9364818142231747,9.381033519617333e-09,2.1026385489093597e-10,44.61553092177104
3392.92,0.9278180301280857,8.067821797152514e-09,1.7608435617187113e-10,45.81793620142913
3395.92,0.9320041616547811,2.614606290971752e-09,2.1388861399461638e-10,12.224149019159862
3398.92,0.9283172701653853,7.309681163421833e-09,1.9541443758073117e-10,37.40604457847184
3401.92,0.9305894705305283,5.910216240433659e-09,7.360276021686613e-11,80.29883964975716
3404.92,0.9416962868724368,7.687967468644535e-09,1.5574030653582974e-10,49.364019113933324
3407.92,0.952460550266264,9.777506726498167e-09,1.8597888232682457e-10,52.57320941049613
3410.92,0.9613035576403032,3.1660763633833116e-09,1.712923729771151e-10,18.483463731372932
3413.92,0.9712836098888818,6.97452134755993e-09,1.8570581956001463e-10,37.55682705089363
3416.92,0.970967396713991,3.87071466496386e-09,9.937111575479815e-11,38.952110334707214
3419.92,0.9759122745812916,1.0356721309780422e-08,1.9459899276023923e-10,53.2208371835752
3422.92,0.9791258034716556,7.226799560016881e-09,1.8410600505832092e-10,39.25347007408901
3425.92,0.976226448197114,4.172023915977799e-09,1.8039172734331767e-10,23.12757894954735
3428.92,0.9674879688152226,4.081001877027355e-09,1.894580071655789e-10,21.540403269737332
3431.92,0.960655677300356,7.997716319681359e-09,1.4970554566122688e-10,53.422979652200915
3434.92,0.9479822543202264,6.9166664606352145e-09,1.7286440203418495e-10,40.01209259537081
3437.92,0.9370852580112978,5.691150288357651e-09,2.478137599603637e-10,22.965432949598583
3440.92,0.9257259094001843,8.06507970439848e-09,1.9626756415998348e-10,41.09226982520859
3443.92,0.9079967848652011,5.653300678082639e-09,1.5853961089231808e-10,35.65860068826853
3446.92,0.9018781735720882,8.10623572933611e-09,1.383508204777265e-10,58.5918876472522
3449.92,0.911137194444235,6.158132881279235e-09,1.7726889043429073e-10,34.73893736341688
3452.92,0.9238106524186173,2.274092911560432e-09,1.2435473675987268e-10,18.28714346403768
3455.92,0.9350025427216924,5.161807551330262e-09,1.1139069495222937e-10,46.33966556671486
3458.92,0.9619620831117444,5.276223299119645e-09,1.9261127793999326e-10,27.393117140126222
3461.92,0.9803705007504538,6.071472466330266e-09,2.2419244792283865e-10,27.08152091019548
3464.92,0.9741878326232923,7.456903652583141e-09,2.0094267644550893e-10,37.10960650315257
3467.92,0.962888387934024,2.81401829769775e-09,1.4665428450259287e-10,19.188108327295392
3470.92,0.942894857951632,5.577263746557228e-09,1.145124004300387e-10,48.704452317936116
3473.92,0.9273223812340546,4.8235701112317455e-09,1.6327591525895867e-10,29.54244723467924
3476.92,0.9028493546822552,5.669919241510971e-09,1.7370846620738653e-10,32.64043120812422
3479.92,0.8948025619376511,7.202675658954886e-09,1.582305318719709e-10,45.520138077920315
3482.92,0.8870710941735197,3.320761262248308e-09,1.1466177779083508e-10,28.96136207050626
3485.92,0.8873278183835529,5.482727394736862e-09,1.993679763508782e-10,27.500541938026803
3488.92,0.8697609508313272,7.329590927543553e-09,1.613717793182239e-10,45.420524942528246
3491.92,0.8724109828810677,7.447008769417272e-09,1.5571682967014374e-10,47.824045642287565
3494.92,0.8783090960972473,5.759436594304951e-09,1.5072691822193654e-10,38.21106848230333
3497.92,0.8912209095016127,3.7962517096234595e-09,9.959620919188905e-11,38.11642772777962
3500.92,0.9362804635609275,8.868041113314481e-09,2.0674460343853353e-10,42.89370056496302
3503.92,0.9453265549442276,8.579862267163673e-09,1.9108079880429525e-10,44.90175004947074
3506.92,0.936661784111236,7.551490229853779e-09,1.7079808692969875e-10,44.21296728552941
3509.92,0.9179324293559493,1.1287442962414072e-06,1.797328759874987e-07,6.280121486065337
